Workbook

Sheet Raw data - Sites list
F1: =+SUBTOTAL(3,F3:F2443) -> 1216 | G1: =+SUBTOTAL(3,G3:G2443) -> 1216 | L1: =+SUBTOTAL(3,L3:L2443) -> 1216 | W1: Access Status | X1: (Plusieurs éléments)
A2: No | B2: Operator Site ID | C2: IHS ID | D2: Operator Site ID | E2: State | F2: Site Name | G2: Access Status | H2: Site Configuration | I2: Clusters | J2: Division | K2: Sub-Division | L2: Town | M2: Latitude | N2: Longitude | O2: Site Type
A3: 1 | B3: T2781 | C3: IHS_BAF_105 | D3: T2781 | E3: West | F3: PENKA MICHEL | G3: Normal Access | H3: Outdoor | I3: Bafoussam1 | J3: MENOUA | K3: PENKA MICHEL | L3: Bafoussam | M3: 5.46817 | N3: 10.2413 | O3: Greenfield | R3: Nombre de Access Status | S3: Étiquettes de colonnes | W3: Nombre de Town | X3: Étiquettes de colonnes | AB3: Nombre de Access Status | AC3: Étiquettes de colonnes
A4: =+A3+1 -> 2 | B4: CTR_297 | C4: IHS_YND_463 | D4: CTR_297 | E4: West | F4: Nomale | G4: Normal Access | H4: Outdoor | I4: Bafia | J4: Mbam et inoubou | K4: Ndikinimeki | L4: Bafoussam | M4: 4.7715 | N4: 10.90632 | O4: Greenfield | R4: Étiquettes de lignes | S4: Red Zone | T4: Green Zone | U4: Total général | W4: Region | X4: Greenfield | Y4: Rooftop | Z4: Total | AB4: Étiquettes de lignes | AC4: Red Zone | AD4: Red Zone - No Access | AE4: Red Zone -Vandalized | AF4: Total général
A5: =+A4+1 -> 3 | B5: OST_219 | C5: IHS_FBN_055 | D5: OST_219 | E5: West | F5: Ngbetnsouen | G5: Normal Access | H5: Outdoor | I5: Foumbot | J5: Noun | K5: Kouoptamo | L5: Bafoussam | M5: 5.63442 | N5: 10.53025 | O5: Greenfield | R5: Greenfield | S5: 394 | T5: 1443 | U5: 1837 | W5: Adamawa | X5: 133 | Y5: 6 | Z5: 139 | AB5: Greenfield | AC5: 394 | AD5: 17 | AE5: 4 | AF5: 415
A6: =+A5+1 -> 4 | B6: CTR_054 | C6: IHS_YND_445 | D6: CTR_054 | E6: West | F6: Ndoussan | G6: Normal Access | H6: Indoor | I6: Bafia | J6: Mbam et inoubou | K6: Kon-yambetta | L6: Bafoussam | M6: 4.822962 | N6: 11.175922 | O6: Greenfield | R6: Rooftop | S6: 28 | T6: 551 | U6: 579 | W6: Center | X6: 280 | Y6: 237 | Z6: 517 | AB6: Rooftop | AC6: 28 | AD6: 1 | AF6: 29
A7: =+A6+1 -> 5 | B7: OST_207 | C7: IHS_FBN_046 | D7: OST_207 | E7: West | F7: Ndoumken | G7: Normal Access | H7: Outdoor | I7: Foumbot | J7: Noun | K7: Kouoptamo | L7: Bafoussam | M7: 5.65799 | N7: 10.56229 | O7: Greenfield | R7: Total général | S7: 422 | T7: 1994 | U7: 2416 | W7: East | X7: 120 | Y7: 2 | Z7: 122 | AB7: Total général | AC7: 422 | AD7: 18 | AE7: 4 | AF7: 444
A8: =+A7+1 -> 6 | B8: OST_201 | C8: IHS_FBN_053 | D8: OST_201 | E8: West | F8: Mantoum Ville | G8: Normal Access | H8: Outdoor | I8: Foumban | J8: Noun | K8: Malantouen | L8: Bafoussam | M8: 5.656112 | N8: 11.172957 | O8: Greenfield | W8: Far North | X8: 195 | Y8: 7 | Z8: 202
A9: =+A8+1 -> 7 | B9: T1640 | C9: IHS_FBN_028 | D9: T1640 | E9: West | F9: Koupa Matapit | G9: Normal Access | H9: Outdoor | I9: Foumbot | J9: Noun | K9: Foumban | L9: Bafoussam | M9: 5.772444 | N9: 10.791806 | O9: Greenfield | W9: Littoral | X9: 246 | Y9: 261 | Z9: 507
A10: =+A9+1 -> 8 | B10: T2028 | C10: IHS_MBD_014 | D10: T2028 | E10: West | F10: GALIM EEC | G10: Red Zone | H10: Outdoor | I10: Bafoussam1 | J10: BAMBOUTOUS | K10: Galim | L10: Bafoussam | M10: 5.682028 | N10: 10.366139 | O10: Greenfield | W10: North | X10: 131 | Y10: 1 | Z10: 132
A11: =+A10+1 -> 9 | B11: OST_178 | C11: IHS_FBN_030 | D11: OST_178 | E11: West | F11: Founban Njintout II | G11: Normal Access | H11: Outdoor | I11: Foumban | J11: Noun | K11: Foumban | L11: Bafoussam | M11: 5.73795 | N11: 10.88407 | O11: Greenfield | W11: North West | X11: 182 | Y11: 10 | Z11: 192 | AB11: Étiquettes de lignes | AC11: Red Zone | AD11: Red Zone - No Access | AE11: Red Zone -Vandalized | AF11: Total général
A12: =+A11+1 -> 10 | B12: OST_136 | C12: IHS_FBN_101 | D12: OST_136 | E12: West | F12: Foumbot-Mangoum | G12: Normal Access | H12: Outdoor | I12: Foumbot | J12: Noun | K12: Foumbot | L12: Bafoussam | M12: 5.487811 | N12: 10.603086 | O12: Greenfield | W12: South | X12: 109 | Z12: 109 | AB12: Greenfield | AC12: 394 | AD12: 17 | AE12: 4 | AF12: 415
A13: =+A12+1 -> 11 | B13: OST_215 | C13: IHS_MBD_019 | D13: OST_215 | E13: West | F13: Bati | G13: Red Zone | H13: Outdoor | I13: Bafoussam1 | J13: BAMBOUTOUS | K13: Galim | L13: Bafoussam | M13: 5.667797 | N13: 10.447418 | O13: Greenfield | W13: South West | X13: 211 | Y13: 23 | Z13: 234 | AB13: Rooftop | AC13: 28 | AD13: 1 | AF13: 29
A14: =+A13+1 -> 12 | B14: T1478 | C14: IHS_BAF_063 | D14: T1478 | E14: West | F14: BANTOUM Lycee | G14: Normal Access | H14: Outdoor | I14: Bangangte | J14: Nde | K14: Bangangte | L14: Bafoussam | M14: 5.093755 | N14: 10.663701 | O14: Greenfield | W14: West | X14: 230 | Y14: 32 | Z14: 262 | AB14: Total général | AC14: 422 | AD14: 18 | AE14: 4 | AF14: 444
A15: =+A14+1 -> 13 | B15: NRO_050 | C15: IHS_BMD_310 | D15: NRO_050 | E15: West | F15: BANGOLAN | G15: Red Zone | H15: Outdoor | I15: Foumbot | J15: NGO-KETUNJIA | K15: Bangourain | L15: Bafoussam | M15: 5.593662 | N15: 10.61917 | O15: Greenfield | W15: Total | X15: 1837 | Y15: 579 | Z15: 2416
A16: =+A15+1 -> 14 | B16: T1580 | C16: IHS_FBN_027 | D16: T1580 | E16: West | F16: BANGANG FOKAM | G16: Normal Access | H16: Outdoor | I16: Bafoussam 2 | J16: Ndé | K16: Bangangte | L16: Bafoussam | M16: 5.249208 | N16: 10.511273 | O16: Greenfield
A17: =+A16+1 -> 15 | B17: T1589 | C17: IHS_FBN_026 | D17: T1589 | E17: West | F17: BANGAMBI | G17: Normal Access | H17: Outdoor | I17: Foumbot | J17: Noun | K17: Bangourain | L17: Bafoussam | M17: 5.826583 | N17: 10.732278 | O17: Greenfield
A18: =+A17+1 -> 16 | B18: OST_193 | C18: IHS_BAF_314 | D18: OST_193 | E18: West | F18: Banefo Baleng | G18: Normal Access | H18: Outdoor | I18: Bafoussam 3 | J18: MIFI | K18: BAFOUSSAM | L18: Bafoussam | M18: 5.58037 | N18: 10.40739 | O18: Greenfield
A19: =+A18+1 -> 17 | B19: OST_155 | C19: IHS_MBD_018 | D19: OST_155 | E19: West | F19: BAMENKOMBO | G19: Normal Access | H19: Outdoor | I19: Bafoussam1 | J19: MENOUA | K19: MBOUDA | L19: Bafoussam | M19: 5.600266 | N19: 10.325967 | O19: Greenfield
A20: =+A19+1 -> 18 | B20: OST_030 | C20: IHS_MBD_016 | D20: OST_030 | E20: West | F20: Bamendjing | G20: Red Zone | H20: Outdoor | I20: Bafoussam1 | J20: BAMBOUTOUS | K20: Galim | L20: Bafoussam | M20: 5.7009 | N20: 10.492 | O20: Greenfield
A21: =+A20+1 -> 19 | B21: T1498 | C21: IHS_BAF_042 | D21: T1498 | E21: West | F21: BAMEKA | G21: Normal Access | H21: Outdoor | I21: Bafoussam 2 | J21: Hauts-plateaux | K21: Baham | L21: Bafoussam | M21: 5.416224 | N21: 10.355382 | O21: Greenfield
A22: =+A21+1 -> 20 | B22: T2026 | C22: IHS_BAF_102 | D22: T2026 | E22: West | F22: BALOUM | G22: Normal Access | H22: Outdoor | I22: Bafoussam1 | J22: MIFI | K22: PENKA MICHEL | L22: Bafoussam | M22: 5.408253 | N22: 10.264578 | O22: Greenfield
A23: =+A22+1 -> 21 | B23: T1469 | C23: IHS_BAF_066 | D23: T1469 | E23: West | F23: BAKONG | G23: Normal Access | H23: Outdoor | I23: Bangangte | J23: Nde | K23: Bazou | L23: Bafoussam | M23: 5.08525 | N23: 10.488861 | O23: Greenfield
A24: =+A23+1 -> 22 | B24: T1483 | C24: IHS_BAF_047 | D24: T1483 | E24: West | F24: Bahouan | G24: Normal Access | H24: Outdoor | I24: Bafoussam 2 | J24: Hauts-plateaux | K24: Baham | L24: Bafoussam | M24: 5.351883 | N24: 10.340982 | O24: Greenfield
A25: =+A24+1 -> 23 | B25: OST_220 | C25: IHS_FBN_056 | D25: OST_220 | E25: West | F25: Ngambouo | G25: Normal Access | H25: Outdoor | I25: Foumbot | J25: Noun | K25: Kouoptamo | L25: Bafoussam | M25: 5.65988 | N25: 10.51872 | O25: Greenfield
A26: =+A25+1 -> 24 | B26: OST_189 | C26: IHS_FBN_044 | D26: OST_189 | E26: West | F26: Mfessang | G26: Normal Access | H26: Outdoor | I26: Foumbot | J26: Noun | K26: Foumbot | L26: Bafoussam | M26: 5.38566 | N26: 10.65691 | O26: Greenfield
A27: =+A26+1 -> 25 | B27: OST_200 | C27: IHS_FBN_041 | D27: OST_200 | E27: West | F27: MantoumVillage | G27: Normal Access | H27: Outdoor | I27: Foumban | J27: Noun | K27: Malantouen | L27: Bafoussam | M27: 5.647126 | N27: 11.152048 | O27: Greenfield | R27: Region | S27: Greenfield | T27: Rooftop | U27: Total
A28: =+A27+1 -> 26 | B28: OST_176 | C28: IHS_FBN_031 | D28: OST_176 | E28: West | F28: Foumban Njintout | G28: Normal Access | H28: Outdoor | I28: Foumban | J28: Noun | K28: Foumban | L28: Bafoussam | M28: 5.73305 | N28: 10.87373 | O28: Greenfield | R28: Adamawa | S28: 133 | T28: 6 | U28: 139
A29: =+A28+1 -> 27 | B29: OST_177 | C29: IHS_FBN_032 | D29: OST_177 | E29: West | F29: Fouban Njibam | G29: Normal Access | H29: Outdoor | I29: Foumban | J29: Noun | K29: Foumban | L29: Bafoussam | M29: 5.71516 | N29: 10.90575 | O29: Greenfield | R29: Center | S29: 280 | T29: 237 | U29: 517
A30: =+A29+1 -> 28 | B30: T1811 | C30: IHS_BAF_134 | D30: T1811 | E30: West | F30: Bafoussam Akwa | G30: Normal Access | H30: Outdoor | I30: Bafoussam 2 | J30: MIFI | K30: BAFOUSSAM | L30: Bafoussam | M30: 5.476651 | N30: 10.420191 | O30: Greenfield | R30: East | S30: 120 | T30: 2 | U30: 122
A31: =+A30+1 -> 29 | B31: T0148 | C31: IHS_YND_469 | D31: T0148 | E31: West | F31: Ndokohok | G31: Normal Access | H31: Indoor | I31: Bangangte | J31: Mbam et inoubou | K31: Ndikinimeki | L31: Bafoussam | M31: 4.869122 | N31: 10.817335 | O31: Greenfield | R31: Far North | S31: 195 | T31: 7 | U31: 202
A32: =+A31+1 -> 30 | B32: OST_026 | C32: IHS_MBD_015 | D32: OST_026 | E32: West | F32: Galim | G32: Red Zone | H32: Outdoor | I32: Bafoussam1 | J32: BAMBOUTOUS | K32: Galim | L32: Bafoussam | M32: 5.6951 | N32: 10.36 | O32: Greenfield | R32: Littoral | S32: 246 | T32: 261 | U32: 507
A33: =+A32+1 -> 31 | B33: T0303 | C33: IHS_FBN_014 | D33: T0303 | E33: West | F33: Magba | G33: Normal Access | H33: Indoor | I33: Foumban | J33: Noun | K33: Magba | L33: Bafoussam | M33: 5.97573 | N33: 11.20989 | O33: Greenfield | R33: North | S33: 131 | T33: 1 | U33: 132
A34: =+A33+1 -> 32 | B34: OST_058 | C34: IHS_FBN_023 | D34: OST_058 | E34: West | F34: Kouoptamo | G34: Red Zone | H34: Outdoor | I34: Foumbot | J34: Noun | K34: Kouoptamo | L34: Bafoussam | M34: 5.647889 | N34: 10.614667 | O34: Greenfield | R34: North West | S34: 182 | T34: 10 | U34: 192
A35: =+A34+1 -> 33 | B35: T0480 | C35: IHS_MBD_003 | D35: T0480 | E35: West | F35: Mbouda Town | G35: Normal Access | H35: Outdoor | I35: Bafoussam1 | J35: MENOUA | K35: MBOUDA | L35: Bafoussam | M35: 5.622493 | N35: 10.265157 | O35: Rooftop | R35: South | S35: 109 | U35: 109
A36: =+A35+1 -> 34 | B36: T0358 | C36: IHS_FBN_019 | D36: T0358 | E36: West | F36: Fosset | G36: Normal Access | H36: Indoor | I36: Foumbot | J36: Noun | K36: Foumbot | L36: Bafoussam | M36: 5.51873 | N36: 10.6676 | O36: Greenfield | R36: South West | S36: 211 | T36: 23 | U36: 234
A37: =+A36+1 -> 35 | B37: T1302 | C37: IHS_YND_472 | D37: T1302 | E37: West | F37: Nitoukou | G37: Normal Access | H37: Outdoor | I37: Bangangte | J37: Mbam et inoubou | K37: Nitoukou | L37: Bafoussam | M37: 4.627655 | N37: 10.875508 | O37: Greenfield | R37: West | S37: 230 | T37: 32 | U37: 262
A38: =+A37+1 -> 36 | B38: OST_195 | C38: IHS_FBN_052 | D38: OST_195 | E38: West | F38: Fochieya | G38: Normal Access | H38: Outdoor | I38: Foumbot | J38: Noun | K38: Foumbot | L38: Bafoussam | M38: 5.51738 | N38: 10.59631 | O38: Greenfield | R38: Total | S38: 1837 | T38: 579 | U38: 2416
A39: =+A38+1 -> 37 | B39: OST_087 | C39: IHS_FBN_007 | D39: OST_087 | E39: West | F39: Foumban-Ndjidare | G39: Normal Access | H39: Outdoor | I39: Foumban | J39: Noun | K39: Foumban | L39: Bafoussam | M39: 5.728286 | N39: 10.915294 | O39: Greenfield
A40: =+A39+1 -> 38 | B40: T1500 | C40: IHS_FBN_006 | D40: T1500 | E40: West | F40: FOUMBAN MANKA | G40: Normal Access | H40: Outdoor | I40: Foumban | J40: Noun | K40: Foumban | L40: Bafoussam | M40: 5.735056 | N40: 10.912417 | O40: Greenfield
A41: =+A40+1 -> 39 | B41: OST_090 | C41: IHS_FBN_018 | D41: OST_090 | E41: West | F41: Bangourain | G41: Red Zone | H41: Outdoor | I41: Foumbot | J41: Noun | K41: Bangourain | L41: Bafoussam | M41: 5.875667 | N41: 10.673917 | O41: Greenfield
A42: =+A41+1 -> 40 | B42: T1586 | C42: IHS_BAF_311 | D42: T1586 | E42: West | F42: BANGAM | G42: Normal Access | H42: Outdoor | I42: Bafoussam 2 | J42: HAUTS-PLATEAUX | K42: BATIE | L42: Bafoussam | M42: 5.342487 | N42: 10.259969 | O42: Greenfield
A43: =+A42+1 -> 41 | B43: T1447 | C43: IHS_BAF_033 | D43: T1447 | E43: West | F43: Bamoungoum | G43: Normal Access | H43: Outdoor | I43: Bafoussam1 | J43: MIFI | K43: BAMOUNGOUM | L43: Bafoussam | M43: 5.490532 | N43: 10.355143 | O43: Greenfield
A44: =+A43+1 -> 42 | B44: T0359 | C44: IHS_MBD_013 | D44: T0359 | E44: West | F44: Bamendjing | G44: Red Zone | H44: Indoor | I44: Bafoussam1 | J44: BAMBOUTOUS | K44: Galim | L44: Bafoussam | M44: 5.71364 | N44: 10.446389 | O44: Greenfield
A45: =+A44+1 -> 43 | B45: OST_012 | C45: IHS_BAF_053 | D45: OST_012 | E45: West | F45: Bangangte | G45: Normal Access | H45: Indoor | I45: Bangangte | J45: Nde | K45: Bangangte | L45: Bafoussam | M45: 5.163691 | N45: 10.504013 | O45: Greenfield
A46: =+A45+1 -> 44 | B46: OST_007 | C46: IHS_BAF_069 | D46: OST_007 | E46: West | F46: Bana | G46: Normal Access | H46: Indoor | I46: Bafang | J46: HAUT-NKAM | K46: BANA | L46: Bafoussam | M46: 5.158916 | N46: 10.322728 | O46: Greenfield
A47: =+A46+1 -> 45 | B47: OST_024 | C47: IHS_BAF_028 | D47: OST_024 | E47: West | F47: bfsam-Bamendzi | G47: Normal Access | H47: Indoor | I47: Bafoussam 3 | J47: MIFI | K47: BAFOUSSAM | L47: Bafoussam | M47: 5.473143 | N47: 10.452776 | O47: Greenfield
A48: =+A47+1 -> 46 | B48: OST_046 | C48: IHS_BAF_029 | D48: OST_046 | E48: West | F48: bfsam-Bamengoum | G48: Normal Access | H48: Outdoor | I48: Bafoussam 3 | J48: MIFI | K48: BAFOUSSAM | L48: Bafoussam | M48: 5.504248 | N48: 10.38033 | O48: Greenfield
A49: =+A48+1 -> 47 | B49: T0072 | C49: IHS_MBD_004 | D49: T0072 | E49: West | F49: Mbouda | G49: Normal Access | H49: Indoor | I49: Bafoussam1 | J49: BAMBOUTOUS | K49: MBOUDA | L49: Bafoussam | M49: 5.62506 | N49: 10.2462 | O49: Greenfield
A50: =+A49+1 -> 48 | B50: T0012 | C50: IHS_BAF_068 | D50: T0012 | E50: West | F50: Bana Camtel | G50: Normal Access | H50: Indoor | I50: Bafang | J50: HAUT-NKAM | K50: BANA | L50: Bafoussam | M50: 5.15731 | N50: 10.32242 | O50: Greenfield
... A374: =+A373+1 -> 372 | B374: T1895 | C374: IHS_NGD_106 | D374: T1895 | E374: Adamawa | F374: Tibati 3 | G374: Normal Access | H374: Outdoor | I374: Tibati | J374: TIBATI | K374: TIBATI | L374: Banyo | M374: 6.471961 | N374: 12.623745 | O374: Greenfield
A375: =+A374+1 -> 373 | B375: T2058 | C375: IHS_NGD_107 | D375: T2058 | E375: Adamawa | F375: Galim Tignere 2 | G375: Normal Access | H375: Outdoor | J375: FARO ET DEO | K375: GALIM TIGNERE | L375: Banyo | M375: 7.097953 | N375: 12.473915 | O375: Greenfield
A376: =+A375+1 -> 374 | B376: EST_116 | C376: IHS_BER_160 | D376: EST_116 | E376: East | F376: Tongo Ngandinma | G376: Normal Access | H376: Outdoor | I376: Garoua Boulai | J376: LOM-ET-DJEREM | K376: Goura | L376: Bertoua | M376: 5.184827 | N376: 14.000816 | O376: Greenfield
A377: =+A376+1 -> 375 | B377: T1808 | C377: IHS_BER_105 | D377: T1808 | E377: East | F377: SFID NDENG | G377: Normal Access | H377: Outdoor | I377: Yokadouma | J377: Yokadouma (Mboumba et Ngoko) | K377: Sfdi deng | L377: Bertoua | M377: 3.78637 | N377: 14.993912 | O377: Greenfield
A378: =+A377+1 -> 376 | B378: T2143 | C378: IHS_BER_106 | D378: T2143 | E378: East | F378: SALAPOUMBE VILLE | G378: Normal Access | H378: Outdoor | I378: Yokadouma | J378: Yokadouma (Mboumba et Ngoko) | K378: Salapoumbe | L378: Bertoua | M378: 2.636417 | N378: 15.368528 | O378: Greenfield
A379: =+A378+1 -> 377 | B379: EST_114 | C379: IHS_BER_159 | D379: EST_114 | E379: East | F379: Ouli | G379: Normal Access | H379: Outdoor | I379: Batouri | J379: Batouri (Kadey) | K379: Kette | L379: Bertoua | M379: 5.19977 | N379: 14.555227 | O379: Greenfield
A380: =+A379+1 -> 378 | B380: T0591 | C380: IHS_YND_458 | D380: T0591 | E380: East | F380: Minta | G380: Normal Access | H380: Outdoor | I380: Nanga Eboko | J380: HAUTE-SANAGA | K380: Minta | L380: Bertoua | M380: 4.565895 | N380: 12.831797 | O380: Greenfield
A381: =+A380+1 -> 379 | B381: T2133 | C381: IHS_BER_104 | D381: T2133 | E381: East | F381: MINDOUROU GRUMCAM | G381: Normal Access | H381: Outdoor | I381: Batouri | J381: Batouri (Kadey) | K381: Mindourou Grumcam | L381: Bertoua | M381: 4.102 | N381: 14.574639 | O381: Greenfield
A382: =+A381+1 -> 380 | B382: T0916 | C382: IHS_SGM_024 | D382: T0916 | E382: South | F382: Meveme | G382: Normal Access | H382: Outdoor | I382: Djoum | J382: DJA-ET-LOBO | K382: COMMUNE DE MINTOM | L382: Bertoua | M382: 2.68931 | N382: 13.18544 | O382: Greenfield
A383: =+A382+1 -> 381 | B383: EST_074 | C383: IHS_BER_050 | D383: EST_074 | E383: East | F383: Mazabe | G383: Normal Access | H383: Outdoor | I383: Abong Mbang | J383: HAUT-NYONG | K383: ABONGMBANG | L383: Bertoua | M383: 4.010291 | N383: 13.004276 | O383: Greenfield
A384: =+A383+1 -> 382 | B384: EST_072 | C384: IHS_BER_015 | D384: EST_072 | E384: East | F384: Longtimbi | G384: Normal Access | H384: Outdoor | I384: Bertoua | J384: LOM-ET-DJEREM | K384: Bertoua 1 | L384: Bertoua | M384: 4.47275 | N384: 13.620556 | O384: Greenfield
A385: =+A384+1 -> 383 | B385: EST_071 | C385: IHS_BER_023 | D385: EST_071 | E385: East | F385: Kouen | G385: Normal Access | H385: Outdoor | I385: Abong Mbang | J385: HAUT-NYONG | K385: DIMAKO | L385: Bertoua | M385: 4.312472 | N385: 13.507417 | O385: Greenfield
A386: =+A385+1 -> 384 | B386: T1222 | C386: IHS_BER_014 | D386: T1222 | E386: East | F386: KOUBA | G386: Normal Access | H386: Outdoor | I386: Bertoua | J386: LOM-ET-DJEREM | K386: Mandjou | L386: Bertoua | M386: 4.636162 | N386: 13.778363 | O386: Greenfield
A387: =+A386+1 -> 385 | B387: EST_115 | C387: IHS_BER_152 | D387: EST_115 | E387: East | F387: Kika | G387: Normal Access | H387: Outdoor | I387: Yokadouma | J387: Yokadouma (Mboumba et Ngoko) | K387: Moloundou | L387: Bertoua | M387: 2.2779 | N387: 15.34802 | O387: Greenfield
... A511: =+A510+1 -> 509 | B511: T1581 | C511: IHS_BUA_160 | D511: T1581 | E511: South West | F511: Bai Kuke | G511: Red Zone | H511: Outdoor | I511: Ekondo Titi | J511: FAKO | K511: Mbonge | L511: Buea | M511: 4.456883 | N511: 9.143987 | O511: Greenfield
A512: =+A511+1 -> 510 | B512: T1781-1 | C512: IHS_BUA_034 | D512: T1781-1 | E512: South West | F512: Ekona II | G512: Red Zone - No Access | H512: Outdoor | I512: Buea | K512: Ekona | L512: Buea | M512: 4.229944 | N512: 9.330528 | O512: Rooftop
A513: =+A512+1 -> 511 | B513: T1725 | C513: IHS_BUA_131 | D513: T1725 | E513: South West | F513: MILE16 BOLIFAMBA | G513: Red Zone | H513: Outdoor | I513: Buea | J513: FAKO | K513: BUEA | L513: Buea | M513: 4.139806 | N513: 9.311917 | O513: Greenfield
A514: =+A513+1 -> 512 | B514: T1310 | C514: IHS_BUA_164 | D514: T1310 | E514: South West | F514: Malende | G514: Red Zone | H514: Outdoor | I514: Buea | J514: FAKO | K514: Muyuka | L514: Buea | M514: 4.343306 | N514: 9.430944 | O514: Greenfield
A515: =+A514+1 -> 513 | B515: T0300 | C515: IHS_BUA_017 | D515: T0300 | E515: South West | F515: Bomaka Mile 17 | G515: Red Zone | H515: Indoor | I515: Buea | J515: FAKO | K515: Buea | L515: Buea | M515: 4.151835 | N515: 9.299842 | O515: Greenfield
A516: =+A515+1 -> 514 | B516: T0419 | C516: IHS_BUA_001 | D516: T0419 | E516: South West | F516: Buea University | G516: Red Zone | H516: Indoor | I516: Buea | J516: FAKO | K516: Buea | L516: Buea | M516: 4.158132 | N516: 9.270084 | O516: Rooftop
A517: =+A516+1 -> 515 | B517: T0559 | C517: IHS_BUA_033 | D517: T0559 | E517: South West | F517: Ekona | G517: Red Zone | H517: Outdoor | I517: Buea | J517: FAKO | K517: Ekona | L517: Buea | M517: 4.22679 | N517: 9.33914 | O517: Greenfield
A518: =+A517+1 -> 516 | B518: T0671 | C518: IHS_BUA_028 | D518: T0671 | E518: South West | F518: Mile 14 | G518: Red Zone | H518: Outdoor | I518: Buea | J518: FAKO | K518: Buea | L518: Buea | M518: 4.123209 | N518: 9.309349 | O518: Greenfield
A519: =+A518+1 -> 517 | B519: SUO_004 | C519: IHS_BUA_037 | D519: SUO_004 | E519: South West | F519: Tiko | G519: Red Zone | H519: Indoor | I519: Mutenguene | J519: FAKO | K519: TIKO | L519: Buea | M519: 4.075187 | N519: 9.367831 | O519: Greenfield
A520: =+A519+1 -> 518 | B520: T0438 | C520: IHS_BUA_015 | D520: T0438 | E520: South West | F520: Bokwango | G520: Red Zone | H520: Outdoor | I520: Buea | J520: FAKO | K520: Buea | L520: Buea | M520: 4.137215 | N520: 9.229888 | O520: Greenfield
A521: =+A520+1 -> 519 | B521: T0069 | C521: IHS_BUA_006 | D521: T0069 | E521: South West | F521: Great Soppo | G521: Red Zone | H521: Indoor | I521: Buea | J521: FAKO | K521: Buea | L521: Buea | M521: 4.157996 | N521: 9.254179 | O521: Greenfield
A522: =+A521+1 -> 520 | B522: SUO_007 | C522: IHS_BUA_002 | D522: SUO_007 | E522: South West | F522: Buea-Orange | G522: Red Zone | H522: Indoor | I522: Buea | J522: FAKO | K522: Buea | L522: Buea | M522: 4.159561 | N522: 9.269411 | O522: Greenfield
A523: =+A522+1 -> 521 | B523: SUO_077 | C523: IHS_BUA_021 | D523: SUO_077 | E523: South West | F523: Buea-David-Square | G523: Red Zone | H523: Outdoor | I523: Buea | J523: FAKO | K523: Buea | L523: Buea | M523: 4.167639 | N523: 9.301833 | O523: Rooftop
A524: =+A523+1 -> 522 | B524: SUO_062 | C524: IHS_BUA_005 | D524: SUO_062 | E524: South West | F524: Buea-Universite | G524: Red Zone | H524: Outdoor | I524: Buea | J524: FAKO | K524: Buea | L524: Buea | M524: 4.155167 | N524: 9.287583 | O524: Greenfield
... A579: =+A578+1 -> 577 | B579: T1962 | C579: IHS_BUA_186 | D579: T1962 | E579: South West | F579: BUEA CATHEDRAL | G579: Normal Access | H579: Outdoor | I579: Buea | J579: Fako | K579: Buea | L579: Buea | M579: 4.168209 | N579: 9.278482 | O579: Greenfield
A580: =+A579+1 -> 578 | B580: T2556 | C580: IHS_LMB_030 | D580: T2556 | E580: South West | F580: Tiko Holfoth Layout | G580: Normal Access | H580: Outdoor | I580: Mutenguene | J580: =VLOOKUP(C580,#REF!,5,0) -> #REF! | K580: Tiko | L580: Buea | M580: 4.068053 | N580: 9.358847 | O580: Greenfield
A581: =+A580+1 -> 579 | B581: T2793 | C581: IHS_LMB_031 | D581: T2793 | E581: South West | F581: BITINGUI | G581: Normal Access | H581: Outdoor | I581: Buea | J581: Fako | K581: Buea | L581: Buea | M581: 4.17763 | N581: 9.280194 | O581: Greenfield
A582: =+A581+1 -> 580 | B582: T1707 | C582: IHS_DLA_417 | D582: T1707 | E582: Littoral | F582: Yansoki | G582: Normal Access | H582: Outdoor | I582: Yassa | J582: WOURI | K582: Douala 3 | L582: Douala | M582: 3.976665 | N582: 9.791805 | O582: Greenfield
A583: =+A582+1 -> 581 | B583: T2025 | C583: IHS_MBG_026 | D583: T2025 | E583: South West | F583: NDOULOU(Abo SOUTH / Mukulang) | G583: Normal Access | H583: Outdoor | I583: Mbanga | J583: MOUNGO | K583: bonalea | L583: Douala | M583: 4.293838 | N583: 9.669737 | O583: Greenfield
A584: =+A583+1 -> 582 | B584: LIT_227 | C584: IHS_DLA_296 | D584: LIT_227 | E584: Littoral | F584: Missole | G584: Normal Access | H584: Outdoor | I584: Edea | J584: SANAGA-MARITIME | K584: Dibamba | L584: Douala | M584: 3.971635 | N584: 9.926792 | O584: Greenfield
A585: =+A584+1 -> 583 | B585: T1339 | C585: IHS_DLA_473 | D585: T1339 | E585: Littoral | F585: MBANGA PONGO 2 | G585: Normal Access | H585: Outdoor | I585: Yassa | J585: WOURI | K585: Douala 3 | L585: Douala | M585: 3.969831 | N585: 9.745081 | O585: Greenfield
A586: =+A585+1 -> 584 | B586: LIT_167 | C586: IHS_DLA_411 | D586: LIT_167 | E586: Littoral | F586: Makepe-Ecole-Sira | G586: Normal Access | H586: Outdoor | I586: Beedi | J586: WOURI | K586: Douala 5 | L586: Douala | M586: 4.082639 | N586: 9.748556 | O586: Rooftop
A587: =+A586+1 -> 585 | B587: LIT_397 | C587: IHS_DLA_222 | D587: LIT_397 | E587: Littoral | F587: Makepe-Chefferie | G587: Normal Access | H587: Outdoor | I587: Beedi | J587: WOURI | K587: Douala 5 | L587: Douala | M587: 4.0749 | N587: 9.753269 | O587: Rooftop
A588: =+A587+1 -> 586 | B588: T1359 | C588: IHS_DLA_468 | D588: T1359 | E588: Littoral | F588: MABANDA 3 | G588: Normal Access | H588: Outdoor | I588: Bonaberi 1 | J588: WOURI | K588: Douala 4 | L588: Douala | M588: 4.062028 | N588: 9.661083 | O588: Greenfield
A589: =+A588+1 -> 587 | B589: T1173 | C589: IHS_BUA_166 | D589: T1173 | E589: South West | F589: BONAKOH | G589: Red Zone | H589: Outdoor | I589: Mutenguene | J589: FAKO | K589: TIKO | L589: Douala | M589: 4.145153 | N589: 9.506547 | O589: Greenfield
A590: =+A589+1 -> 588 | B590: T1732 | C590: IHS_DLA_423 | D590: T1732 | E590: Littoral | F590: Bonaberi Isenbeck | G590: Normal Access | H590: Outdoor | I590: Bonaberi 2 | J590: WOURI | K590: Douala 4 | L590: Douala | M590: 4.109487 | N590: 9.617314 | O590: Greenfield
A591: =+A590+1 -> 589 | B591: LIT_450 | C591: IHS_DLA_452 | D591: LIT_450 | E591: Littoral | F591: Quartier Gentil | G591: Normal Access | H591: Outdoor | I591: Ndogbong | J591: WOURI | K591: Douala 3 | L591: Douala | M591: 4.04957 | N591: 9.72974 | O591: Rooftop
A592: =+A591+1 -> 590 | B592: LIT_410 | C592: IHS_DLA_427 | D592: LIT_410 | E592: Littoral | F592: Bonapriso Vanitex New | G592: Normal Access | H592: Outdoor | I592: BONAPRISO | J592: WOURI | K592: Douala 1 | L592: Douala | M592: 4.024758 | N592: 9.70155 | O592: Rooftop
... A1009: =+A1008+1 -> 1007 | B1009: T1390 | C1009: IHS_DLA_404 | D1009: T1390 | E1009: Littoral | F1009: Bonaberi Magzi | G1009: Normal Access | H1009: Outdoor | I1009: Bonaberi 1 | J1009: WOURI | K1009: Douala 4 | L1009: Douala | M1009: 4.0692609 | N1009: 9.6779132 | O1009: Greenfield
A1010: =+A1009+1 -> 1008 | B1010: T2410 | C1010: IHS_BNB_117 | D1010: T2410 | E1010: South West | F1010: BEKOKO ECHANGEUR | G1010: Normal Access | H1010: Outdoor | I1010: Mbanga | K1010: Douala | L1010: Douala | M1010: 4.123106 | N1010: 9.586648 | O1010: Greenfield
A1011: =+A1010+1 -> 1009 | B1011: T2661 | C1011: IHS_DLA_543 | D1011: T2661 | E1011: LITTORAL | F1011: JAPOMA VILLAGE | G1011: Normal Access | H1011: Outdoor | I1011: Yassa | K1011: Douala | L1011: Douala | M1011: 4.048703 | N1011: 9.807891 | O1011: Greenfield
A1012: =+A1011+1 -> 1010 | B1012: T1362 | C1012: IHS_DLA_128 | D1012: T1362 | E1012: Littoral | F1012: Nylon OCM new | G1012: Normal Access | H1012: Outdoor | I1012: St Michel | J1012: WOURI | K1012: Douala 3 | L1012: Douala | M1012: 4.027806 | N1012: 9.735612 | O1012: Rooftop
A1013: =+A1012+1 -> 1011 | B1013: OST_029 | C1013: IHS_KMB_075 | D1013: OST_029 | E1013: West | F1013: Meguia | G1013: Red Zone | H1013: Indoor | I1013: Dschang | J1013: MENOUA | K1013: DSCHANG | L1013: Dschang & Kongsamba | M1013: 5.45975 | N1013: 9.9453056 | O1013: Greenfield
A1014: =+A1013+1 -> 1012 | B1014: OST_156 | C1014: IHS_BFG_016 | D1014: OST_156 | E1014: West | F1014: FOYEMTCHA | G1014: Normal Access | H1014: Outdoor | I1014: Bafang | J1014: HAUT-NKAM | K1014: Kekem | L1014: Dschang & Kongsamba | M1014: 5.208607 | N1014: 10.07421 | O1014: Greenfield
A1015: =+A1014+1 -> 1013 | B1015: T1530 | C1015: IHS_BAF_103 | D1015: T1530 | E1015: West | F1015: FOTOUNI | G1015: Normal Access | H1015: Outdoor | I1015: Bafoussam 2 | J1015: HAUT-NKAM | K1015: BANDJA | L1015: Dschang & Kongsamba | M1015: 5.331 | N1015: 10.235528 | O1015: Greenfield
A1016: =+A1015+1 -> 1014 | B1016: T1309 | C1016: IHS_KMB_120 | D1016: T1309 | E1016: West | F1016: Fontem New1 | G1016: Red Zone | H1016: Outdoor | I1016: Dschang | J1016: LEBIALEM | K1016: MENDJI | L1016: Dschang & Kongsamba | M1016: 5.4916972 | N1016: 9.8496083 | O1016: Greenfield
...

Sheet Red Zone Sites 
G1: =+SUBTOTAL(3,G3:G446) -> 444
A2: No | B2: Operator Site ID | C2: IHS ID | D2: Operator Site ID | E2: State | F2: Site Name | G2: Access Status | H2: Site Configuration | I2: Clusters | J2: Division | K2: Sub-Division | L2: Town | M2: Latitude | N2: Longitude | O2: Site Type | Q2: Access Status | R2: Sites Count
A3: 1 | B3: T2028 | C3: IHS_MBD_014 | D3: T2028 | E3: West | F3: GALIM EEC | G3: Red Zone | H3: Outdoor | I3: Bafoussam1 | J3: BAMBOUTOUS | K3: Galim | L3: Bafoussam | M3: 5.682028 | N3: 10.366139 | O3: Greenfield | Q3: Red Zone | R3: 425
A4: =1+A3 -> 2 | B4: OST_215 | C4: IHS_MBD_019 | D4: OST_215 | E4: West | F4: Bati | G4: Red Zone | H4: Outdoor | I4: Bafoussam1 | J4: BAMBOUTOUS | K4: Galim | L4: Bafoussam | M4: 5.667797 | N4: 10.447418 | O4: Greenfield | Q4: Red Zone - No Access | R4: 17
A5: =1+A4 -> 3 | B5: NRO_050 | C5: IHS_BMD_310 | D5: NRO_050 | E5: West | F5: BANGOLAN | G5: Red Zone | H5: Outdoor | I5: Foumbot | J5: NGO-KETUNJIA | K5: Bangourain | L5: Bafoussam | M5: 5.593662 | N5: 10.61917 | O5: Greenfield | Q5: Red Zone -Vandalized | R5: 1
A6: =1+A5 -> 4 | B6: OST_030 | C6: IHS_MBD_016 | D6: OST_030 | E6: West | F6: Bamendjing | G6: Red Zone | H6: Outdoor | I6: Bafoussam1 | J6: BAMBOUTOUS | K6: Galim | L6: Bafoussam | M6: 5.7009 | N6: 10.492 | O6: Greenfield | Q6: Red Zone-No Access | R6: 1
A7: =1+A6 -> 5 | B7: OST_026 | C7: IHS_MBD_015 | D7: OST_026 | E7: West | F7: Galim | G7: Red Zone | H7: Outdoor | I7: Bafoussam1 | J7: BAMBOUTOUS | K7: Galim | L7: Bafoussam | M7: 5.6951 | N7: 10.36 | O7: Greenfield | Q7: Total général | R7: 444
A8: =1+A7 -> 6 | B8: OST_058 | C8: IHS_FBN_023 | D8: OST_058 | E8: West | F8: Kouoptamo | G8: Red Zone | H8: Outdoor | I8: Foumbot | J8: Noun | K8: Kouoptamo | L8: Bafoussam | M8: 5.647889 | N8: 10.614667 | O8: Greenfield
A9: =1+A8 -> 7 | B9: OST_090 | C9: IHS_FBN_018 | D9: OST_090 | E9: West | F9: Bangourain | G9: Red Zone | H9: Outdoor | I9: Foumbot | J9: Noun | K9: Bangourain | L9: Bafoussam | M9: 5.875667 | N9: 10.673917 | O9: Greenfield
A10: =1+A9 -> 8 | B10: T0359 | C10: IHS_MBD_013 | D10: T0359 | E10: West | F10: Bamendjing | G10: Red Zone | H10: Indoor | I10: Bafoussam1 | J10: BAMBOUTOUS | K10: Galim | L10: Bafoussam | M10: 5.71364 | N10: 10.446389 | O10: Greenfield | Q10: Access Status | R10: Sites Count
A11: =1+A10 -> 9 | B11: NRO_030 | C11: IHS_BMD_206 | D11: NRO_030 | E11: North West | F11: Zhoa | G11: Red Zone | H11: Outdoor | I11: Bafut | J11: MENCHUM | K11: Zhoa | L11: Bamenda | M11: 6.5311833 | N11: 10.2 | O11: Greenfield | Q11: Red Zone | R11: 425
A12: =1+A11 -> 10 | B12: T1668 | C12: IHS_BMD_2217 | D12: T1668 | E12: North West | F12: TATUM | G12: Red Zone | H12: Outdoor | I12: Nkambe | J12: BUI | K12: Nkum | L12: Bamenda | M12: 6.344511 | N12: 10.770329 | O12: Greenfield | Q12: Red Zone - No Access | R12: 17
A13: =1+A12 -> 11 | B13: T1475 | C13: IHS_BMD_078 | D13: T1475 | E13: North West | F13: TADU | G13: Red Zone | H13: Outdoor | I13: Kumbo | J13: BUI | K13: Tadu | L13: Bamenda | M13: 6.23718 | N13: 10.589529 | O13: Greenfield | Q13: Red Zone -Vandalized | R13: 1
A14: =1+A13 -> 12 | B14: T2816 | C14: IHS_BMD_0065 | D14: T2816 | E14: North West | F14: Small Babanki | G14: Red Zone - No Access | H14: Outdoor | I14: Bamenda 1 | J14: MEZAM | K14: Tubah | L14: Bamenda | M14: 5.949333 | N14: 10.326583 | O14: Greenfield | Q14: Red Zone-No Access | R14: 1
A15: =1+A14 -> 13 | B15: NRO_048 | C15: IHS_BMD_321 | D15: NRO_048 | E15: North West | F15: Sabga | G15: Red Zone | H15: Outdoor | I15: Bamenda 1 | J15: MEZAM | K15: Tubah | L15: Bamenda | M15: 6.013814 | N15: 10.320172 | O15: Greenfield | Q15: Total général | R15: 444
A16: =1+A15 -> 14 | B16: T2836 | C16: IHS_BMD_2214 | D16: T2836 | E16: North West | F16: Pinyin Ngali | G16: Red Zone | H16: OutDoor | I16: Bamenda 2 | J16: MEZAM | K16: Tubah | L16: Bamenda | M16: 5.807455 | N16: 10.066275 | O16: Greenfield
A17: =1+A16 -> 15 | B17: T2766 | C17: IHS_BMD_2216 | D17: T2766 | E17: North West | F17: NKOR | G17: Red Zone | H17: Outdoor | I17: Nkambe | J17: Bui | K17: Nkor | L17: Bamenda | M17: 6.383265 | N17: 10.584665 | O17: Greenfield
A18: =1+A17 -> 16 | B18: T1473 | C18: IHS_BMD_066 | D18: T1473 | E18: North West | F18: Nkar | G18: Red Zone | H18: Outdoor | I18: Kumbo | J18: Bui | K18: Jakiri | L18: Bamenda | M18: 6.0944444 | N18: 10.637861 | O18: Greenfield
A19: =1+A18 -> 17 | B19: T1503 | C19: IHS_BMD_061 | D19: T1503 | E19: North West | F19: Njikwa town | G19: Red Zone | H19: Outdoor | I19: Bamenda 2 | J19: Momo | K19: Njikwa | L19: Bamenda | M19: 6.129225 | N19: 9.8565167 | O19: Greenfield
A20: =1+A19 -> 18 | B20: T2823 | C20: IHS_BMD_2224 | D20: T2823 | E20: North West | F20: Nchum | G20: Red Zone | H20: Outdoor | I20: Bafut | J20: MEZAM | K20: Bafut | L20: Bamenda | M20: 6.111643 | N20: 10.121766 | O20: Greenfield
A21: =1+A20 -> 19 | B21: NRO_057 | C21: IHS_BMD_312 | D21: NRO_057 | E21: North West | F21: Mbonso | G21: Red Zone | H21: Outdoor | I21: Nkambe | J21: Bui | K21: mbiame | L21: Bamenda | M21: 6.261408 | N21: 10.946337 | O21: Greenfield
A22: =1+A21 -> 20 | B22: T1465 | C22: IHS_BMD_087 | D22: T1465 | E22: North West | F22: MBIYEH | G22: Red Zone | H22: Outdoor | I22: Nkambe | J22: Donga Mantoum | K22: Ndu | L22: Bamenda | M22: 6.4542222 | N22: 10.754222 | O22: Greenfield
A23: =1+A22 -> 21 | B23: NRO_236 | C23: IHS_BMD_091 | D23: NRO_236 | E23: North West | F23: Mbiame | G23: Red Zone | H23: Outdoor | I23: Kumbo | J23: Bui | K23: Mbiame | L23: Bamenda | M23: 6.188547 | N23: 10.849605 | O23: Greenfield
A24: =1+A23 -> 22 | B24: T1831 | C24: IHS_BMD_2250 | D24: T1831 | E24: North West | F24: Mbengwi Water Tank | G24: Red Zone | H24: Outdoor | I24: Bamenda 2 | J24: Momo | K24: Mbengwi | L24: Bamenda | M24: 5.968124 | N24: 10.036383 | O24: Greenfield
A25: =1+A24 -> 23 | B25: T1488 | C25: IHS_BMD_034 | D25: T1488 | E25: North West | F25: Mbengwi Mile 17 | G25: Red Zone | H25: Outdoor | I25: Bamenda 2 | J25: Momo | K25: Mbengwi | L25: Bamenda | M25: 6.001216 | N25: 10.020552 | O25: Greenfield
A26: =1+A25 -> 24 | B26: T1167 | C26: IHS_BMD_016 | D26: T1167 | E26: North West | F26: MBATU | G26: Red Zone | H26: Outdoor | I26: Bamenda 2 | J26: MEZAM | K26: Bamenda 2 | L26: Bamenda | M26: 5.93473 | N26: 10.13917 | O26: Greenfield
A27: =1+A26 -> 25 | B27: NRO_044 | C27: IHS_BMD_316 | D27: NRO_044 | E27: North West | F27: Lassin | G27: Red Zone | H27: Outdoor | I27: Nkambe | J27: Bui | K27: Nkor | L27: Bamenda | M27: 6.442286 | N27: 10.620562 | O27: Greenfield
... A193: =1+A192 -> 191 | B193: T1581 | C193: IHS_BUA_160 | D193: T1581 | E193: South West | F193: Bai Kuke | G193: Red Zone | H193: Outdoor | I193: Ekondo Titi | J193: FAKO | K193: Mbonge | L193: Buea | M193: 4.456883 | N193: 9.143987 | O193: Greenfield
A194: =1+A193 -> 192 | B194: T1781-1 | C194: IHS_BUA_034 | D194: T1781-1 | E194: South West | F194: Ekona II | G194: Red Zone - No Access | H194: Outdoor | I194: Buea | K194: Ekona | L194: Buea | M194: 4.229944 | N194: 9.330528 | O194: Rooftop
A195: =1+A194 -> 193 | B195: T1725 | C195: IHS_BUA_131 | D195: T1725 | E195: South West | F195: MILE16 BOLIFAMBA | G195: Red Zone | H195: Outdoor | I195: Buea | J195: FAKO | K195: BUEA | L195: Buea | M195: 4.139806 | N195: 9.311917 | O195: Greenfield
A196: =1+A195 -> 194 | B196: T1310 | C196: IHS_BUA_164 | D196: T1310 | E196: South West | F196: Malende | G196: Red Zone | H196: Outdoor | I196: Buea | J196: FAKO | K196: Muyuka | L196: Buea | M196: 4.343306 | N196: 9.430944 | O196: Greenfield
A197: =1+A196 -> 195 | B197: T0300 | C197: IHS_BUA_017 | D197: T0300 | E197: South West | F197: Bomaka Mile 17 | G197: Red Zone | H197: Indoor | I197: Buea | J197: FAKO | K197: Buea | L197: Buea | M197: 4.151835 | N197: 9.299842 | O197: Greenfield
A198: =1+A197 -> 196 | B198: T0419 | C198: IHS_BUA_001 | D198: T0419 | E198: South West | F198: Buea University | G198: Red Zone | H198: Indoor | I198: Buea | J198: FAKO | K198: Buea | L198: Buea | M198: 4.158132 | N198: 9.270084 | O198: Rooftop
A199: =1+A198 -> 197 | B199: T0559 | C199: IHS_BUA_033 | D199: T0559 | E199: South West | F199: Ekona | G199: Red Zone | H199: Outdoor | I199: Buea | J199: FAKO | K199: Ekona | L199: Buea | M199: 4.22679 | N199: 9.33914 | O199: Greenfield
A200: =1+A199 -> 198 | B200: T0671 | C200: IHS_BUA_028 | D200: T0671 | E200: South West | F200: Mile 14 | G200: Red Zone | H200: Outdoor | I200: Buea | J200: FAKO | K200: Buea | L200: Buea | M200: 4.123209 | N200: 9.309349 | O200: Greenfield
A201: =1+A200 -> 199 | B201: SUO_004 | C201: IHS_BUA_037 | D201: SUO_004 | E201: South West | F201: Tiko | G201: Red Zone | H201: Indoor | I201: Mutenguene | J201: FAKO | K201: TIKO | L201: Buea | M201: 4.075187 | N201: 9.367831 | O201: Greenfield
A202: =1+A201 -> 200 | B202: T0438 | C202: IHS_BUA_015 | D202: T0438 | E202: South West | F202: Bokwango | G202: Red Zone | H202: Outdoor | I202: Buea | J202: FAKO | K202: Buea | L202: Buea | M202: 4.137215 | N202: 9.229888 | O202: Greenfield
A203: =1+A202 -> 201 | B203: T0069 | C203: IHS_BUA_006 | D203: T0069 | E203: South West | F203: Great Soppo | G203: Red Zone | H203: Indoor | I203: Buea | J203: FAKO | K203: Buea | L203: Buea | M203: 4.157996 | N203: 9.254179 | O203: Greenfield
A204: =1+A203 -> 202 | B204: SUO_007 | C204: IHS_BUA_002 | D204: SUO_007 | E204: South West | F204: Buea-Orange | G204: Red Zone | H204: Indoor | I204: Buea | J204: FAKO | K204: Buea | L204: Buea | M204: 4.159561 | N204: 9.269411 | O204: Greenfield
A205: =1+A204 -> 203 | B205: SUO_077 | C205: IHS_BUA_021 | D205: SUO_077 | E205: South West | F205: Buea-David-Square | G205: Red Zone | H205: Outdoor | I205: Buea | J205: FAKO | K205: Buea | L205: Buea | M205: 4.167639 | N205: 9.301833 | O205: Rooftop
A206: =1+A205 -> 204 | B206: SUO_062 | C206: IHS_BUA_005 | D206: SUO_062 | E206: South West | F206: Buea-Universite | G206: Red Zone | H206: Outdoor | I206: Buea | J206: FAKO | K206: Buea | L206: Buea | M206: 4.155167 | N206: 9.287583 | O206: Greenfield
... A405: =1+A404 -> 403 | B405: T1812 | C405: IHS_KMB_066 | D405: T1812 | E405: North West | F405: Bessenye | G405: Red Zone | H405: Outdoor | I405: Mamfe | J405: Manyu | K405: Eyumodjock | L405: Mamfe | M405: 5.7008611 | N405: 9.2851389 | O405: Greenfield
A406: =1+A405 -> 404 | B406: T1251 | C406: IHS_KMB_110 | D406: T1251 | E406: North West | F406: Berore | G406: Red Zone - No Access | H406: Outdoor | I406: Mamfe | K406: Mamfe | L406: Mamfe | M406: 5.7745 | N406: 9.356 | O406: Greenfield
A407: =1+A406 -> 405 | B407: T2103 | C407: IHS_KMB_106 | D407: T2103 | E407: North West | F407: AKWAYA | G407: Red Zone | H407: Vandalized | I407: Bafut | J407: Manyu | K407: akwaya | L407: Mamfe | M407: 6.3783889 | N407: 9.5110583 | O407: Vandalized
A408: =1+A407 -> 406 | B408: T1763 | C408: IHS_KMB_052 | D408: T1763 | E408: North West | F408: Bakebe | G408: Red Zone | H408: Outdoor | I408: Mamfe | J408: Manyu | K408: Tinto | L408: Mamfe | M408: 5.5574722 | N408: 9.5617222 | O408: Greenfield
A409: =1+A408 -> 407 | B409: T0242 | C409: IHS_KMB_077 | D409: T0242 | E409: North West | F409: Eyumojock | G409: Red Zone | H409: Indoor | I409: Mamfe | J409: Manyu | K409: Eyumodjock | L409: Mamfe | M409: 5.76608 | N409: 8.9847 | O409: Greenfield
A410: =1+A409 -> 408 | B410: T1762 | C410: IHS_KMB_063 | D410: T1762 | E410: North West | F410: Mamfe Centre | G410: Red Zone | H410: Outdoor | I410: Mamfe | J410: Manyu | K410: Mamfe | L410: Mamfe | M410: 5.7569444 | N410: 9.3078611 | O410: Greenfield
A411: =1+A410 -> 409 | B411: T0685 | C411: IHS_KMB_053 | D411: T0685 | E411: North West | F411: Tinto | G411: Red Zone | H411: Outdoor | I411: Mamfe | J411: Manyu | K411: Tinto | L411: Mamfe | M411: 5.54562 | N411: 9.59059 | O411: Greenfield
A412: =1+A411 -> 410 | B412: T0348 | C412: IHS_KMB_060 | D412: T0348 | E412: North West | F412: Bachuo Ntai | G412: Red Zone | H412: Indoor | I412: Mamfe | J412: Manyu | K412: Mamfe | L412: Mamfe | M412: 5.71469 | N412: 9.39159 | O412: Greenfield
A413: =1+A412 -> 411 | B413: SUO_073 | C413: IHS_KMB_062 | D413: SUO_073 | E413: North West | F413: Mamfe-Brasserie | G413: Red Zone | H413: Outdoor | I413: Mamfé | J413: Manyu | K413: Mamfe | L413: Mamfe | M413: 5.76325 | N413: 9.3114167 | O413: Greenfield
A414: =1+A413 -> 412 | B414: SUO_015 | C414: IHS_KMB_081 | D414: SUO_015 | E414: North West | F414: Ekok | G414: Red Zone | H414: Indoor | I414: Mamfe | J414: Manyu | K414: Eyumodjock | L414: Mamfe | M414: 5.8100222 | N414: 8.8572639 | O414: Greenfield
A415: =1+A414 -> 413 | B415: SUO_030 | C415: IHS_KMB_061 | D415: SUO_030 | E415: North West | F415: Bachuo-Ntai | G415: Red Zone | H415: Indoor | I415: Mamfe | J415: Manyu | K415: Mamfe | L415: Mamfe | M415: 5.7146111 | N415: 9.39075 | O415: Greenfield
A416: =1+A415 -> 414 | B416: T0754 | C416: IHS_KMB_073 | D416: T0754 | E416: North West | F416: Kembong | G416: Red Zone | H416: Outdoor | I416: Mamfe | J416: Manyu | K416: Eyumodjock | L416: Mamfe | M416: 5.62075 | N416: 9.24971 | O416: Greenfield
A417: =1+A416 -> 415 | B417: T1766 | C417: IHS_KMB_069 | D417: T1766 | E417: North West | F417: Ossing | G417: Red Zone | H417: Outdoor | I417: Mamfe | J417: Manyu | K417: Eyumodjock | L417: Mamfe | M417: 5.64025 | N417: 9.3138889 | O417: Greenfield
A418: =1+A417 -> 416 | B418: T1025 | C418: IHS_KMB_047 | D418: T1025 | E418: North West | F418: Ofrikpabi | G418: Red Zone | H418: Outdoor | I418: Kumba | J418: Koupe-Manengouba | K418: Nguti | L418: Mamfe | M418: 5.28045 | N418: 9.41465 | O418: Greenfield
... A446: =1+A445 -> 444 | B446: SUO_028 | C446: IHS_EDA_049 | D446: SUO_028 | E446: West | F446: Ndom | G446: Red Zone | H446: Indoor | I446: Bangangte | J446: SANAGA-MARITIME | K446: Ndom | L446: Yaounde | M446: 4.396155 | N446: 10.825452 | O446: Greenfield

Sheet Sites Audit Plan  
A1: IHS SITES AUDIT SUMMARY PLAN
A3: Region | B3: Greenfield | C3: Rooftop | D3: Total | E3: SBC | F3: Base line per day | G3: Teams planned | H3: Weekly Target | I3: Number of weeks required | J3: Planned Start date | K3: Planned End date
A4: Adamawa | B4: 133 | C4: 6 | D4: 139 | E4: SBC1 | F4: 2 | G4: 2 | H4: =+F4*G4*6 -> 24 | I4: =+D4/H4 -> 5.7916667 | J4: =+J8+3 -> 46252 | K4: 46291
A5: Center | B5: 280 | C5: 237 | D5: 517 | E5: SBC1 & SBC2 | F5: 3 | G5: 5 | H5: =+F5*G5*6 -> 90 | I5: =+D5/H5 -> 5.7444444 | J5: 46249 | K5: 46289.211
A6: East | B6: 120 | C6: 2 | D6: 122 | E6: SBC1 | F6: 2 | G6: 2 | H6: =+F6*G6*6 -> 24 | I6: =+D6/H6 -> 5.0833333 | J6: =+J8+2 -> 46251 | K6: 46286.583
A7: Far North | B7: 195 | C7: 7 | D7: 202 | E7: SBC2 | F7: 1 | G7: 6 | H7: =+F7*G7*6 -> 36 | I7: =+D7/H7 -> 5.6111111 | J7: =+J8+5 -> 46254 | K7: 46292
A8: Littoral | B8: 246 | C8: 261 | D8: 507 | E8: Cluenatic (Patrick Ehimeare) | F8: 3 | G8: 5 | H8: =+F8*G8*6 -> 90 | I8: =+D8/H8 -> 5.6333333 | J8: 46249 | K8: 46289
A9: North | B9: 131 | C9: 1 | D9: 132 | E9: SBC2 | F9: 2 | G9: 2 | H9: =+F9*G9*6 -> 24 | I9: =+D9/H9 -> 5.5 | J9: =+J8+4 -> 46253 | K9: 46290
A10: North West | B10: 182 | C10: 10 | D10: 192 | E10: SBC3 | F10: 1 | G10: 5 | H10: =+F10*G10*6 -> 30 | I10: =+D10/H10 -> 6.4 | J10: =+J8+2 -> 46251 | K10: 46294
A11: South | B11: 109 | D11: 109 | E11: SBC2 | F11: 1 | G11: 4 | H11: =+F11*G11*6 -> 24 | I11: =+D11/H11 -> 4.5416667 | J11: =+J8+2 -> 46251 | K11: =+J11+I11*7 -> 46282.792
A12: South West | B12: 211 | C12: 23 | D12: 234 | E12: SBC3 | F12: 2 | G12: 5 | H12: =+F12*G12*6 -> 60 | I12: =+D12/H12 -> 3.9 | J12: =+J8+2 -> 46251 | K12: 46277
A13: West | B13: 230 | C13: 32 | D13: 262 | E13: SBC1 | F13: 2 | G13: 4 | H13: =+F13*G13*6 -> 48 | I13: =+D13/H13 -> 5.4583333 | J13: =+J8+2 -> 46251 | K13: 46288
A14: Total | B14: =+SUBTOTAL(9,B4:B13) -> 1837 | C14: =+SUBTOTAL(9,C4:C13) -> 579 | D14: =+SUBTOTAL(9,D4:D13) -> 2416 | F14: =SUBTOTAL(101,F4:F13) -> 1.9 | G14: =+SUBTOTAL(9,G4:G13) -> 40 | H14: =+SUBTOTAL(9,H4:H13) -> 450 | I14: =SUBTOTAL(101,I4:I13) -> 5.3663889
A16: Total Number of Sites | B16: =+D14 -> 2416
A17: Number of Teams | B17: =+G14 -> 40
A18: Average Site Audit per day | B18: =+F14 -> 1.9
A19: Weekly target | B19: =+H14 -> 450
A20: Project Start date | B20: =+J8 -> 46249
A21: Project End Date | B21: =+K10 -> 46294

Sheet PIP
A1: IHS SITE AUDIT PIP
A3: Region | B3: Total number of Sites | C3: SBC | D3: Weekly target | E3: Week 1 | K3: Week 2 | Q3: Week 3 | W3: Week 4 | AC3: Week 5 | AI3: Week 6 | AO3: Week 7 | AU3: Week 8
E4: 46249 | F4: 46250 | G4: 46251 | H4: 46252 | I4: 46253 | J4: 46254 | K4: 46255 | L4: 46256 | M4: 46257 | N4: 46258 | O4: 46259 | P4: 46260 | Q4: 46261 | R4: 46262 | S4: 46263 | T4: 46264 | U4: 46265 | V4: 46266 | W4: 46267 | X4: 46268 | Y4: 46269 | Z4: 46270 | AA4: 46271 | AB4: 46272 | AC4: 46273 | AD4: 46274 | AE4: 46275 | AF4: 46276 | AG4: 46277 | AH4: 46278 | AI4: 46279 | AJ4: 46280 | AK4: 46281 | AL4: 46282 | AM4: 46283 | AN4: 46284 | AO4: 46285 | AP4: 46286 | AQ4: 46287 | AR4: 46288 | AS4: 46289 | AT4: 46290 | AU4: 46291 | AV4: 46292 | AW4: 46293 | AX4: 46294 | AY4: 46295 | AZ4: 46296
A5: Adamawa | B5: =+'Sites Audit Plan '!D4 -> 139 | C5: =+'Sites Audit Plan '!E4 -> SBC1 | D5: =+'Sites Audit Plan '!H4 -> 24 | H5: =+'Sites Audit Plan '!$F$4*'Sites Audit Plan '!$G$4 -> 4 | I5: =+'Sites Audit Plan '!$F$4*'Sites Audit Plan '!$G$4 -> 4 | J5: =+'Sites Audit Plan '!$F$4*'Sites Audit Plan '!$G$4 -> 4 | K5: =+'Sites Audit Plan '!$F$4*'Sites Audit Plan '!$G$4 -> 4 | L5: =+'Sites Audit Plan '!$F$4*'Sites Audit Plan '!$G$4 -> 4 | N5: =+'Sites Audit Plan '!$F$4*'Sites Audit Plan '!$G$4 -> 4 | O5: =+'Sites Audit Plan '!$F$4*'Sites Audit Plan '!$G$4 -> 4 | P5: =+'Sites Audit Plan '!$F$4*'Sites Audit Plan '!$G$4 -> 4 | Q5: =+'Sites Audit Plan '!$F$4*'Sites Audit Plan '!$G$4 -> 4 | R5: =+'Sites Audit Plan '!$F$4*'Sites Audit Plan '!$G$4 -> 4 | S5: =+'Sites Audit Plan '!$F$4*'Sites Audit Plan '!$G$4 -> 4 | U5: =+'Sites Audit Plan '!$F$4*'Sites Audit Plan '!$G$4 -> 4 | V5: =+'Sites Audit Plan '!$F$4*'Sites Audit Plan '!$G$4 -> 4 | W5: =+'Sites Audit Plan '!$F$4*'Sites Audit Plan '!$G$4 -> 4 | X5: =+'Sites Audit Plan '!$F$4*'Sites Audit Plan '!$G$4 -> 4 | Y5: =+'Sites Audit Plan '!$F$4*'Sites Audit Plan '!$G$4 -> 4 | Z5: =+'Sites Audit Plan '!$F$4*'Sites Audit Plan '!$G$4 -> 4 | AB5: =+'Sites Audit Plan '!$F$4*'Sites Audit Plan '!$G$4 -> 4 | AC5: =+'Sites Audit Plan '!$F$4*'Sites Audit Plan '!$G$4 -> 4 | AD5: =+'Sites Audit Plan '!$F$4*'Sites Audit Plan '!$G$4 -> 4 | AE5: =+'Sites Audit Plan '!$F$4*'Sites Audit Plan '!$G$4 -> 4 | AF5: =+'Sites Audit Plan '!$F$4*'Sites Audit Plan '!$G$4 -> 4 | AG5: =+'Sites Audit Plan '!$F$4*'Sites Audit Plan '!$G$4 -> 4 | AI5: =+'Sites Audit Plan '!$F$4*'Sites Audit Plan '!$G$4 -> 4 | AJ5: =+'Sites Audit Plan '!$F$4*'Sites Audit Plan '!$G$4 -> 4 | AK5: =+'Sites Audit Plan '!$F$4*'Sites Audit Plan '!$G$4 -> 4 | AL5: =+'Sites Audit Plan '!$F$4*'Sites Audit Plan '!$G$4 -> 4 | AM5: =+'Sites Audit Plan '!$F$4*'Sites Audit Plan '!$G$4 -> 4 | AN5: =+'Sites Audit Plan '!$F$4*'Sites Audit Plan '!$G$4 -> 4 | AP5: =+'Sites Audit Plan '!$F$4*'Sites Audit Plan '!$G$4 -> 4 | AQ5: =+'Sites Audit Plan '!$F$4*'Sites Audit Plan '!$G$4 -> 4 | AR5: =+'Sites Audit Plan '!$F$4*'Sites Audit Plan '!$G$4 -> 4 | AS5: =+'Sites Audit Plan '!$F$4*'Sites Audit Plan '!$G$4 -> 4 | AT5: =+'Sites Audit Plan '!$F$4*'Sites Audit Plan '!$G$4 -> 4 | AU5: 3
A6: Center | B6: =+'Sites Audit Plan '!D5 -> 517 | C6: =+'Sites Audit Plan '!E5 -> SBC1 & SBC2 | D6: =+'Sites Audit Plan '!H5 -> 90 | E6: =+'Sites Audit Plan '!$F$5*'Sites Audit Plan '!$G$5 -> 15 | G6: =+'Sites Audit Plan '!$F$5*'Sites Audit Plan '!$G$5 -> 15 | H6: =+'Sites Audit Plan '!$F$5*'Sites Audit Plan '!$G$5 -> 15 | I6: =+'Sites Audit Plan '!$F$5*'Sites Audit Plan '!$G$5 -> 15 | J6: =+'Sites Audit Plan '!$F$5*'Sites Audit Plan '!$G$5 -> 15 | K6: =+'Sites Audit Plan '!$F$5*'Sites Audit Plan '!$G$5 -> 15 | L6: =+'Sites Audit Plan '!$F$5*'Sites Audit Plan '!$G$5 -> 15 | N6: =+'Sites Audit Plan '!$F$5*'Sites Audit Plan '!$G$5 -> 15 | O6: =+'Sites Audit Plan '!$F$5*'Sites Audit Plan '!$G$5 -> 15 | P6: =+'Sites Audit Plan '!$F$5*'Sites Audit Plan '!$G$5 -> 15 | Q6: =+'Sites Audit Plan '!$F$5*'Sites Audit Plan '!$G$5 -> 15 | R6: =+'Sites Audit Plan '!$F$5*'Sites Audit Plan '!$G$5 -> 15 | S6: =+'Sites Audit Plan '!$F$5*'Sites Audit Plan '!$G$5 -> 15 | U6: =+'Sites Audit Plan '!$F$5*'Sites Audit Plan '!$G$5 -> 15 | V6: =+'Sites Audit Plan '!$F$5*'Sites Audit Plan '!$G$5 -> 15 | W6: =+'Sites Audit Plan '!$F$5*'Sites Audit Plan '!$G$5 -> 15 | X6: =+'Sites Audit Plan '!$F$5*'Sites Audit Plan '!$G$5 -> 15 | Y6: =+'Sites Audit Plan '!$F$5*'Sites Audit Plan '!$G$5 -> 15 | Z6: =+'Sites Audit Plan '!$F$5*'Sites Audit Plan '!$G$5 -> 15 | AB6: =+'Sites Audit Plan '!$F$5*'Sites Audit Plan '!$G$5 -> 15 | AC6: =+'Sites Audit Plan '!$F$5*'Sites Audit Plan '!$G$5 -> 15 | AD6: =+'Sites Audit Plan '!$F$5*'Sites Audit Plan '!$G$5 -> 15 | AE6: =+'Sites Audit Plan '!$F$5*'Sites Audit Plan '!$G$5 -> 15 | AF6: =+'Sites Audit Plan '!$F$5*'Sites Audit Plan '!$G$5 -> 15 | AG6: =+'Sites Audit Plan '!$F$5*'Sites Audit Plan '!$G$5 -> 15 | AI6: =+'Sites Audit Plan '!$F$5*'Sites Audit Plan '!$G$5 -> 15 | AJ6: =+'Sites Audit Plan '!$F$5*'Sites Audit Plan '!$G$5 -> 15 | AK6: =+'Sites Audit Plan '!$F$5*'Sites Audit Plan '!$G$5 -> 15 | AL6: =+'Sites Audit Plan '!$F$5*'Sites Audit Plan '!$G$5 -> 15 | AM6: =+'Sites Audit Plan '!$F$5*'Sites Audit Plan '!$G$5 -> 15 | AN6: =+'Sites Audit Plan '!$F$5*'Sites Audit Plan '!$G$5 -> 15 | AP6: =+'Sites Audit Plan '!$F$5*'Sites Audit Plan '!$G$5 -> 15 | AQ6: =+'Sites Audit Plan '!$F$5*'Sites Audit Plan '!$G$5 -> 15 | AR6: =+'Sites Audit Plan '!$F$5*'Sites Audit Plan '!$G$5 -> 15 | AS6: 7
A7: East | B7: =+'Sites Audit Plan '!D6 -> 122 | C7: =+'Sites Audit Plan '!E6 -> SBC1 | D7: =+'Sites Audit Plan '!H6 -> 24 | G7: =+'Sites Audit Plan '!$F$6*'Sites Audit Plan '!$G$6 -> 4 | H7: =+'Sites Audit Plan '!$F$6*'Sites Audit Plan '!$G$6 -> 4 | I7: =+'Sites Audit Plan '!$F$6*'Sites Audit Plan '!$G$6 -> 4 | J7: =+'Sites Audit Plan '!$F$6*'Sites Audit Plan '!$G$6 -> 4 | K7: =+'Sites Audit Plan '!$F$6*'Sites Audit Plan '!$G$6 -> 4 | L7: =+'Sites Audit Plan '!$F$6*'Sites Audit Plan '!$G$6 -> 4 | N7: =+'Sites Audit Plan '!$F$6*'Sites Audit Plan '!$G$6 -> 4 | O7: =+'Sites Audit Plan '!$F$6*'Sites Audit Plan '!$G$6 -> 4 | P7: =+'Sites Audit Plan '!$F$6*'Sites Audit Plan '!$G$6 -> 4 | Q7: =+'Sites Audit Plan '!$F$6*'Sites Audit Plan '!$G$6 -> 4 | R7: =+'Sites Audit Plan '!$F$6*'Sites Audit Plan '!$G$6 -> 4 | S7: =+'Sites Audit Plan '!$F$6*'Sites Audit Plan '!$G$6 -> 4 | U7: =+'Sites Audit Plan '!$F$6*'Sites Audit Plan '!$G$6 -> 4 | V7: =+'Sites Audit Plan '!$F$6*'Sites Audit Plan '!$G$6 -> 4 | W7: =+'Sites Audit Plan '!$F$6*'Sites Audit Plan '!$G$6 -> 4 | X7: =+'Sites Audit Plan '!$F$6*'Sites Audit Plan '!$G$6 -> 4 | Y7: =+'Sites Audit Plan '!$F$6*'Sites Audit Plan '!$G$6 -> 4 | Z7: =+'Sites Audit Plan '!$F$6*'Sites Audit Plan '!$G$6 -> 4 | AB7: =+'Sites Audit Plan '!$F$6*'Sites Audit Plan '!$G$6 -> 4 | AC7: =+'Sites Audit Plan '!$F$6*'Sites Audit Plan '!$G$6 -> 4 | AD7: =+'Sites Audit Plan '!$F$6*'Sites Audit Plan '!$G$6 -> 4 | AE7: =+'Sites Audit Plan '!$F$6*'Sites Audit Plan '!$G$6 -> 4 | AF7: =+'Sites Audit Plan '!$F$6*'Sites Audit Plan '!$G$6 -> 4 | AG7: =+'Sites Audit Plan '!$F$6*'Sites Audit Plan '!$G$6 -> 4 | AI7: =+'Sites Audit Plan '!$F$6*'Sites Audit Plan '!$G$6 -> 4 | AJ7: =+'Sites Audit Plan '!$F$6*'Sites Audit Plan '!$G$6 -> 4 | AK7: =+'Sites Audit Plan '!$F$6*'Sites Audit Plan '!$G$6 -> 4 | AL7: =+'Sites Audit Plan '!$F$6*'Sites Audit Plan '!$G$6 -> 4 | AM7: =+'Sites Audit Plan '!$F$6*'Sites Audit Plan '!$G$6 -> 4 | AN7: =+'Sites Audit Plan '!$F$6*'Sites Audit Plan '!$G$6 -> 4 | AP7: 2
A8: Far North | B8: =+'Sites Audit Plan '!D7 -> 202 | C8: =+'Sites Audit Plan '!E7 -> SBC2 | D8: =+'Sites Audit Plan '!H7 -> 36 | J8: =+'Sites Audit Plan '!$F$7*'Sites Audit Plan '!$G$7 -> 6 | K8: =+'Sites Audit Plan '!$F$7*'Sites Audit Plan '!$G$7 -> 6 | L8: =+'Sites Audit Plan '!$F$7*'Sites Audit Plan '!$G$7 -> 6 | N8: =+'Sites Audit Plan '!$F$7*'Sites Audit Plan '!$G$7 -> 6 | O8: =+'Sites Audit Plan '!$F$7*'Sites Audit Plan '!$G$7 -> 6 | P8: =+'Sites Audit Plan '!$F$7*'Sites Audit Plan '!$G$7 -> 6 | Q8: =+'Sites Audit Plan '!$F$7*'Sites Audit Plan '!$G$7 -> 6 | R8: =+'Sites Audit Plan '!$F$7*'Sites Audit Plan '!$G$7 -> 6 | S8: =+'Sites Audit Plan '!$F$7*'Sites Audit Plan '!$G$7 -> 6 | U8: =+'Sites Audit Plan '!$F$7*'Sites Audit Plan '!$G$7 -> 6 | V8: =+'Sites Audit Plan '!$F$7*'Sites Audit Plan '!$G$7 -> 6 | W8: =+'Sites Audit Plan '!$F$7*'Sites Audit Plan '!$G$7 -> 6 | X8: =+'Sites Audit Plan '!$F$7*'Sites Audit Plan '!$G$7 -> 6 | Y8: =+'Sites Audit Plan '!$F$7*'Sites Audit Plan '!$G$7 -> 6 | Z8: =+'Sites Audit Plan '!$F$7*'Sites Audit Plan '!$G$7 -> 6 | AB8: =+'Sites Audit Plan '!$F$7*'Sites Audit Plan '!$G$7 -> 6 | AC8: =+'Sites Audit Plan '!$F$7*'Sites Audit Plan '!$G$7 -> 6 | AD8: =+'Sites Audit Plan '!$F$7*'Sites Audit Plan '!$G$7 -> 6 | AE8: =+'Sites Audit Plan '!$F$7*'Sites Audit Plan '!$G$7 -> 6 | AF8: =+'Sites Audit Plan '!$F$7*'Sites Audit Plan '!$G$7 -> 6 | AG8: =+'Sites Audit Plan '!$F$7*'Sites Audit Plan '!$G$7 -> 6 | AI8: =+'Sites Audit Plan '!$F$7*'Sites Audit Plan '!$G$7 -> 6 | AJ8: =+'Sites Audit Plan '!$F$7*'Sites Audit Plan '!$G$7 -> 6 | AK8: =+'Sites Audit Plan '!$F$7*'Sites Audit Plan '!$G$7 -> 6 | AL8: =+'Sites Audit Plan '!$F$7*'Sites Audit Plan '!$G$7 -> 6 | AM8: =+'Sites Audit Plan '!$F$7*'Sites Audit Plan '!$G$7 -> 6 | AN8: =+'Sites Audit Plan '!$F$7*'Sites Audit Plan '!$G$7 -> 6 | AP8: =+'Sites Audit Plan '!$F$7*'Sites Audit Plan '!$G$7 -> 6 | AQ8: =+'Sites Audit Plan '!$F$7*'Sites Audit Plan '!$G$7 -> 6 | AR8: =+'Sites Audit Plan '!$F$7*'Sites Audit Plan '!$G$7 -> 6 | AS8: =+'Sites Audit Plan '!$F$7*'Sites Audit Plan '!$G$7 -> 6 | AT8: =+'Sites Audit Plan '!$F$7*'Sites Audit Plan '!$G$7 -> 6 | AU8: =+'Sites Audit Plan '!$F$7*'Sites Audit Plan '!$G$7 -> 6 | AV8: 4
A9: Littoral | B9: =+'Sites Audit Plan '!D8 -> 507 | C9: SBC4 | D9: =+'Sites Audit Plan '!H8 -> 90 | E9: =+'Sites Audit Plan '!$F$8*'Sites Audit Plan '!$G$8 -> 15 | G9: =+'Sites Audit Plan '!$F$8*'Sites Audit Plan '!$G$8 -> 15 | H9: =+'Sites Audit Plan '!$F$8*'Sites Audit Plan '!$G$8 -> 15 | I9: =+'Sites Audit Plan '!$F$8*'Sites Audit Plan '!$G$8 -> 15 | J9: =+'Sites Audit Plan '!$F$8*'Sites Audit Plan '!$G$8 -> 15 | K9: =+'Sites Audit Plan '!$F$8*'Sites Audit Plan '!$G$8 -> 15 | L9: =+'Sites Audit Plan '!$F$8*'Sites Audit Plan '!$G$8 -> 15 | N9: =+'Sites Audit Plan '!$F$8*'Sites Audit Plan '!$G$8 -> 15 | O9: =+'Sites Audit Plan '!$F$8*'Sites Audit Plan '!$G$8 -> 15 | P9: =+'Sites Audit Plan '!$F$8*'Sites Audit Plan '!$G$8 -> 15 | Q9: =+'Sites Audit Plan '!$F$8*'Sites Audit Plan '!$G$8 -> 15 | R9: =+'Sites Audit Plan '!$F$8*'Sites Audit Plan '!$G$8 -> 15 | S9: =+'Sites Audit Plan '!$F$8*'Sites Audit Plan '!$G$8 -> 15 | U9: =+'Sites Audit Plan '!$F$8*'Sites Audit Plan '!$G$8 -> 15 | V9: =+'Sites Audit Plan '!$F$8*'Sites Audit Plan '!$G$8 -> 15 | W9: =+'Sites Audit Plan '!$F$8*'Sites Audit Plan '!$G$8 -> 15 | X9: =+'Sites Audit Plan '!$F$8*'Sites Audit Plan '!$G$8 -> 15 | Y9: =+'Sites Audit Plan '!$F$8*'Sites Audit Plan '!$G$8 -> 15 | Z9: =+'Sites Audit Plan '!$F$8*'Sites Audit Plan '!$G$8 -> 15 | AB9: =+'Sites Audit Plan '!$F$8*'Sites Audit Plan '!$G$8 -> 15 | AC9: =+'Sites Audit Plan '!$F$8*'Sites Audit Plan '!$G$8 -> 15 | AD9: =+'Sites Audit Plan '!$F$8*'Sites Audit Plan '!$G$8 -> 15 | AE9: =+'Sites Audit Plan '!$F$8*'Sites Audit Plan '!$G$8 -> 15 | AF9: =+'Sites Audit Plan '!$F$8*'Sites Audit Plan '!$G$8 -> 15 | AG9: =+'Sites Audit Plan '!$F$8*'Sites Audit Plan '!$G$8 -> 15 | AI9: =+'Sites Audit Plan '!$F$8*'Sites Audit Plan '!$G$8 -> 15 | AJ9: =+'Sites Audit Plan '!$F$8*'Sites Audit Plan '!$G$8 -> 15 | AK9: =+'Sites Audit Plan '!$F$8*'Sites Audit Plan '!$G$8 -> 15 | AL9: =+'Sites Audit Plan '!$F$8*'Sites Audit Plan '!$G$8 -> 15 | AM9: =+'Sites Audit Plan '!$F$8*'Sites Audit Plan '!$G$8 -> 15 | AN9: =+'Sites Audit Plan '!$F$8*'Sites Audit Plan '!$G$8 -> 15 | AP9: =+'Sites Audit Plan '!$F$8*'Sites Audit Plan '!$G$8 -> 15 | AQ9: =+'Sites Audit Plan '!$F$8*'Sites Audit Plan '!$G$8 -> 15 | AR9: =+'Sites Audit Plan '!$F$8*'Sites Audit Plan '!$G$8 -> 15 | AS9: 10
A10: North | B10: =+'Sites Audit Plan '!D9 -> 132 | C10: =+'Sites Audit Plan '!E9 -> SBC2 | D10: =+'Sites Audit Plan '!H9 -> 24 | I10: =+'Sites Audit Plan '!$F$9*'Sites Audit Plan '!$G$9 -> 4 | J10: =+'Sites Audit Plan '!$F$9*'Sites Audit Plan '!$G$9 -> 4 | K10: =+'Sites Audit Plan '!$F$9*'Sites Audit Plan '!$G$9 -> 4 | L10: =+'Sites Audit Plan '!$F$9*'Sites Audit Plan '!$G$9 -> 4 | N10: =+'Sites Audit Plan '!$F$9*'Sites Audit Plan '!$G$9 -> 4 | O10: =+'Sites Audit Plan '!$F$9*'Sites Audit Plan '!$G$9 -> 4 | P10: =+'Sites Audit Plan '!$F$9*'Sites Audit Plan '!$G$9 -> 4 | Q10: =+'Sites Audit Plan '!$F$9*'Sites Audit Plan '!$G$9 -> 4 | R10: =+'Sites Audit Plan '!$F$9*'Sites Audit Plan '!$G$9 -> 4 | S10: =+'Sites Audit Plan '!$F$9*'Sites Audit Plan '!$G$9 -> 4 | U10: =+'Sites Audit Plan '!$F$9*'Sites Audit Plan '!$G$9 -> 4 | V10: =+'Sites Audit Plan '!$F$9*'Sites Audit Plan '!$G$9 -> 4 | W10: =+'Sites Audit Plan '!$F$9*'Sites Audit Plan '!$G$9 -> 4 | X10: =+'Sites Audit Plan '!$F$9*'Sites Audit Plan '!$G$9 -> 4 | Y10: =+'Sites Audit Plan '!$F$9*'Sites Audit Plan '!$G$9 -> 4 | Z10: =+'Sites Audit Plan '!$F$9*'Sites Audit Plan '!$G$9 -> 4 | AB10: =+'Sites Audit Plan '!$F$9*'Sites Audit Plan '!$G$9 -> 4 | AC10: =+'Sites Audit Plan '!$F$9*'Sites Audit Plan '!$G$9 -> 4 | AD10: =+'Sites Audit Plan '!$F$9*'Sites Audit Plan '!$G$9 -> 4 | AE10: =+'Sites Audit Plan '!$F$9*'Sites Audit Plan '!$G$9 -> 4 | AF10: =+'Sites Audit Plan '!$F$9*'Sites Audit Plan '!$G$9 -> 4 | AG10: =+'Sites Audit Plan '!$F$9*'Sites Audit Plan '!$G$9 -> 4 | AI10: =+'Sites Audit Plan '!$F$9*'Sites Audit Plan '!$G$9 -> 4 | AJ10: =+'Sites Audit Plan '!$F$9*'Sites Audit Plan '!$G$9 -> 4 | AK10: =+'Sites Audit Plan '!$F$9*'Sites Audit Plan '!$G$9 -> 4 | AL10: =+'Sites Audit Plan '!$F$9*'Sites Audit Plan '!$G$9 -> 4 | AM10: =+'Sites Audit Plan '!$F$9*'Sites Audit Plan '!$G$9 -> 4 | AN10: =+'Sites Audit Plan '!$F$9*'Sites Audit Plan '!$G$9 -> 4 | AP10: =+'Sites Audit Plan '!$F$9*'Sites Audit Plan '!$G$9 -> 4 | AQ10: =+'Sites Audit Plan '!$F$9*'Sites Audit Plan '!$G$9 -> 4 | AR10: =+'Sites Audit Plan '!$F$9*'Sites Audit Plan '!$G$9 -> 4 | AS10: =+'Sites Audit Plan '!$F$9*'Sites Audit Plan '!$G$9 -> 4 | AT10: =+'Sites Audit Plan '!$F$9*'Sites Audit Plan '!$G$9 -> 4
A11: North West | B11: =+'Sites Audit Plan '!D10 -> 192 | C11: =+'Sites Audit Plan '!E10 -> SBC3 | D11: =+'Sites Audit Plan '!H10 -> 30 | G11: =+'Sites Audit Plan '!$F$10*'Sites Audit Plan '!$G$10 -> 5 | H11: =+'Sites Audit Plan '!$F$10*'Sites Audit Plan '!$G$10 -> 5 | I11: =+'Sites Audit Plan '!$F$10*'Sites Audit Plan '!$G$10 -> 5 | J11: =+'Sites Audit Plan '!$F$10*'Sites Audit Plan '!$G$10 -> 5 | K11: =+'Sites Audit Plan '!$F$10*'Sites Audit Plan '!$G$10 -> 5 | L11: =+'Sites Audit Plan '!$F$10*'Sites Audit Plan '!$G$10 -> 5 | N11: =+'Sites Audit Plan '!$F$10*'Sites Audit Plan '!$G$10 -> 5 | O11: =+'Sites Audit Plan '!$F$10*'Sites Audit Plan '!$G$10 -> 5 | P11: =+'Sites Audit Plan '!$F$10*'Sites Audit Plan '!$G$10 -> 5 | Q11: =+'Sites Audit Plan '!$F$10*'Sites Audit Plan '!$G$10 -> 5 | R11: =+'Sites Audit Plan '!$F$10*'Sites Audit Plan '!$G$10 -> 5 | S11: =+'Sites Audit Plan '!$F$10*'Sites Audit Plan '!$G$10 -> 5 | U11: =+'Sites Audit Plan '!$F$10*'Sites Audit Plan '!$G$10 -> 5 | V11: =+'Sites Audit Plan '!$F$10*'Sites Audit Plan '!$G$10 -> 5 | W11: =+'Sites Audit Plan '!$F$10*'Sites Audit Plan '!$G$10 -> 5 | X11: =+'Sites Audit Plan '!$F$10*'Sites Audit Plan '!$G$10 -> 5 | Y11: =+'Sites Audit Plan '!$F$10*'Sites Audit Plan '!$G$10 -> 5 | Z11: =+'Sites Audit Plan '!$F$10*'Sites Audit Plan '!$G$10 -> 5 | AB11: =+'Sites Audit Plan '!$F$10*'Sites Audit Plan '!$G$10 -> 5 | AC11: =+'Sites Audit Plan '!$F$10*'Sites Audit Plan '!$G$10 -> 5 | AD11: =+'Sites Audit Plan '!$F$10*'Sites Audit Plan '!$G$10 -> 5 | AE11: =+'Sites Audit Plan '!$F$10*'Sites Audit Plan '!$G$10 -> 5 | AF11: =+'Sites Audit Plan '!$F$10*'Sites Audit Plan '!$G$10 -> 5 | AG11: =+'Sites Audit Plan '!$F$10*'Sites Audit Plan '!$G$10 -> 5 | AI11: =+'Sites Audit Plan '!$F$10*'Sites Audit Plan '!$G$10 -> 5 | AJ11: =+'Sites Audit Plan '!$F$10*'Sites Audit Plan '!$G$10 -> 5 | AK11: =+'Sites Audit Plan '!$F$10*'Sites Audit Plan '!$G$10 -> 5 | AL11: =+'Sites Audit Plan '!$F$10*'Sites Audit Plan '!$G$10 -> 5 | AM11: =+'Sites Audit Plan '!$F$10*'Sites Audit Plan '!$G$10 -> 5 | AN11: =+'Sites Audit Plan '!$F$10*'Sites Audit Plan '!$G$10 -> 5 | AP11: =+'Sites Audit Plan '!$F$10*'Sites Audit Plan '!$G$10 -> 5 | AQ11: =+'Sites Audit Plan '!$F$10*'Sites Audit Plan '!$G$10 -> 5 | AR11: =+'Sites Audit Plan '!$F$10*'Sites Audit Plan '!$G$10 -> 5 | AS11: =+'Sites Audit Plan '!$F$10*'Sites Audit Plan '!$G$10 -> 5 | AT11: =+'Sites Audit Plan '!$F$10*'Sites Audit Plan '!$G$10 -> 5 | AU11: =+'Sites Audit Plan '!$F$10*'Sites Audit Plan '!$G$10 -> 5 | AV11: =+'Sites Audit Plan '!$F$10*'Sites Audit Plan '!$G$10 -> 5 | AW11: =+'Sites Audit Plan '!$F$10*'Sites Audit Plan '!$G$10 -> 5 | AX11: 2
A12: South | B12: =+'Sites Audit Plan '!D11 -> 109 | C12: =+'Sites Audit Plan '!E11 -> SBC2 | D12: =+'Sites Audit Plan '!H11 -> 24 | G12: =+'Sites Audit Plan '!$F$11*'Sites Audit Plan '!$G$11 -> 4 | H12: =+'Sites Audit Plan '!$F$11*'Sites Audit Plan '!$G$11 -> 4 | I12: =+'Sites Audit Plan '!$F$11*'Sites Audit Plan '!$G$11 -> 4 | J12: =+'Sites Audit Plan '!$F$11*'Sites Audit Plan '!$G$11 -> 4 | K12: =+'Sites Audit Plan '!$F$11*'Sites Audit Plan '!$G$11 -> 4 | L12: =+'Sites Audit Plan '!$F$11*'Sites Audit Plan '!$G$11 -> 4 | N12: =+'Sites Audit Plan '!$F$11*'Sites Audit Plan '!$G$11 -> 4 | O12: =+'Sites Audit Plan '!$F$11*'Sites Audit Plan '!$G$11 -> 4 | P12: =+'Sites Audit Plan '!$F$11*'Sites Audit Plan '!$G$11 -> 4 | Q12: =+'Sites Audit Plan '!$F$11*'Sites Audit Plan '!$G$11 -> 4 | R12: =+'Sites Audit Plan '!$F$11*'Sites Audit Plan '!$G$11 -> 4 | S12: =+'Sites Audit Plan '!$F$11*'Sites Audit Plan '!$G$11 -> 4 | U12: =+'Sites Audit Plan '!$F$11*'Sites Audit Plan '!$G$11 -> 4 | V12: =+'Sites Audit Plan '!$F$11*'Sites Audit Plan '!$G$11 -> 4 | W12: =+'Sites Audit Plan '!$F$11*'Sites Audit Plan '!$G$11 -> 4 | X12: =+'Sites Audit Plan '!$F$11*'Sites Audit Plan '!$G$11 -> 4 | Y12: =+'Sites Audit Plan '!$F$11*'Sites Audit Plan '!$G$11 -> 4 | Z12: =+'Sites Audit Plan '!$F$11*'Sites Audit Plan '!$G$11 -> 4 | AB12: =+'Sites Audit Plan '!$F$11*'Sites Audit Plan '!$G$11 -> 4 | AC12: =+'Sites Audit Plan '!$F$11*'Sites Audit Plan '!$G$11 -> 4 | AD12: =+'Sites Audit Plan '!$F$11*'Sites Audit Plan '!$G$11 -> 4 | AE12: =+'Sites Audit Plan '!$F$11*'Sites Audit Plan '!$G$11 -> 4 | AF12: =+'Sites Audit Plan '!$F$11*'Sites Audit Plan '!$G$11 -> 4 | AG12: =+'Sites Audit Plan '!$F$11*'Sites Audit Plan '!$G$11 -> 4 | AI12: =+'Sites Audit Plan '!$F$11*'Sites Audit Plan '!$G$11 -> 4 | AJ12: =+'Sites Audit Plan '!$F$11*'Sites Audit Plan '!$G$11 -> 4 | AK12: =+'Sites Audit Plan '!$F$11*'Sites Audit Plan '!$G$11 -> 4 | AL12: 1
A13: South West | B13: =+'Sites Audit Plan '!D12 -> 234 | C13: =+'Sites Audit Plan '!E12 -> SBC3 | D13: =+'Sites Audit Plan '!H12 -> 60 | G13: =+'Sites Audit Plan '!$F$12*'Sites Audit Plan '!$G$12 -> 10 | H13: =+'Sites Audit Plan '!$F$12*'Sites Audit Plan '!$G$12 -> 10 | I13: =+'Sites Audit Plan '!$F$12*'Sites Audit Plan '!$G$12 -> 10 | J13: =+'Sites Audit Plan '!$F$12*'Sites Audit Plan '!$G$12 -> 10 | K13: =+'Sites Audit Plan '!$F$12*'Sites Audit Plan '!$G$12 -> 10 | L13: =+'Sites Audit Plan '!$F$12*'Sites Audit Plan '!$G$12 -> 10 | N13: =+'Sites Audit Plan '!$F$12*'Sites Audit Plan '!$G$12 -> 10 | O13: =+'Sites Audit Plan '!$F$12*'Sites Audit Plan '!$G$12 -> 10 | P13: =+'Sites Audit Plan '!$F$12*'Sites Audit Plan '!$G$12 -> 10 | Q13: =+'Sites Audit Plan '!$F$12*'Sites Audit Plan '!$G$12 -> 10 | R13: =+'Sites Audit Plan '!$F$12*'Sites Audit Plan '!$G$12 -> 10 | S13: =+'Sites Audit Plan '!$F$12*'Sites Audit Plan '!$G$12 -> 10 | U13: =+'Sites Audit Plan '!$F$12*'Sites Audit Plan '!$G$12 -> 10 | V13: =+'Sites Audit Plan '!$F$12*'Sites Audit Plan '!$G$12 -> 10 | W13: =+'Sites Audit Plan '!$F$12*'Sites Audit Plan '!$G$12 -> 10 | X13: =+'Sites Audit Plan '!$F$12*'Sites Audit Plan '!$G$12 -> 10 | Y13: =+'Sites Audit Plan '!$F$12*'Sites Audit Plan '!$G$12 -> 10 | Z13: =+'Sites Audit Plan '!$F$12*'Sites Audit Plan '!$G$12 -> 10 | AB13: =+'Sites Audit Plan '!$F$12*'Sites Audit Plan '!$G$12 -> 10 | AC13: =+'Sites Audit Plan '!$F$12*'Sites Audit Plan '!$G$12 -> 10 | AD13: =+'Sites Audit Plan '!$F$12*'Sites Audit Plan '!$G$12 -> 10 | AE13: =+'Sites Audit Plan '!$F$12*'Sites Audit Plan '!$G$12 -> 10 | AF13: =+'Sites Audit Plan '!$F$12*'Sites Audit Plan '!$G$12 -> 10 | AG13: 4
A14: West | B14: =+'Sites Audit Plan '!D13 -> 262 | C14: =+'Sites Audit Plan '!E13 -> SBC1 | D14: =+'Sites Audit Plan '!H13 -> 48 | G14: =+'Sites Audit Plan '!$F$13*'Sites Audit Plan '!$G$13 -> 8 | H14: =+'Sites Audit Plan '!$F$13*'Sites Audit Plan '!$G$13 -> 8 | I14: =+'Sites Audit Plan '!$F$13*'Sites Audit Plan '!$G$13 -> 8 | J14: =+'Sites Audit Plan '!$F$13*'Sites Audit Plan '!$G$13 -> 8 | K14: =+'Sites Audit Plan '!$F$13*'Sites Audit Plan '!$G$13 -> 8 | L14: =+'Sites Audit Plan '!$F$13*'Sites Audit Plan '!$G$13 -> 8 | N14: =+'Sites Audit Plan '!$F$13*'Sites Audit Plan '!$G$13 -> 8 | O14: =+'Sites Audit Plan '!$F$13*'Sites Audit Plan '!$G$13 -> 8 | P14: =+'Sites Audit Plan '!$F$13*'Sites Audit Plan '!$G$13 -> 8 | Q14: =+'Sites Audit Plan '!$F$13*'Sites Audit Plan '!$G$13 -> 8 | R14: =+'Sites Audit Plan '!$F$13*'Sites Audit Plan '!$G$13 -> 8 | S14: =+'Sites Audit Plan '!$F$13*'Sites Audit Plan '!$G$13 -> 8 | U14: =+'Sites Audit Plan '!$F$13*'Sites Audit Plan '!$G$13 -> 8 | V14: =+'Sites Audit Plan '!$F$13*'Sites Audit Plan '!$G$13 -> 8 | W14: =+'Sites Audit Plan '!$F$13*'Sites Audit Plan '!$G$13 -> 8 | X14: =+'Sites Audit Plan '!$F$13*'Sites Audit Plan '!$G$13 -> 8 | Y14: =+'Sites Audit Plan '!$F$13*'Sites Audit Plan '!$G$13 -> 8 | Z14: =+'Sites Audit Plan '!$F$13*'Sites Audit Plan '!$G$13 -> 8 | AB14: =+'Sites Audit Plan '!$F$13*'Sites Audit Plan '!$G$13 -> 8 | AC14: =+'Sites Audit Plan '!$F$13*'Sites Audit Plan '!$G$13 -> 8 | AD14: =+'Sites Audit Plan '!$F$13*'Sites Audit Plan '!$G$13 -> 8 | AE14: =+'Sites Audit Plan '!$F$13*'Sites Audit Plan '!$G$13 -> 8 | AF14: =+'Sites Audit Plan '!$F$13*'Sites Audit Plan '!$G$13 -> 8 | AG14: =+'Sites Audit Plan '!$F$13*'Sites Audit Plan '!$G$13 -> 8 | AI14: =+'Sites Audit Plan '!$F$13*'Sites Audit Plan '!$G$13 -> 8 | AJ14: =+'Sites Audit Plan '!$F$13*'Sites Audit Plan '!$G$13 -> 8 | AK14: =+'Sites Audit Plan '!$F$13*'Sites Audit Plan '!$G$13 -> 8 | AL14: =+'Sites Audit Plan '!$F$13*'Sites Audit Plan '!$G$13 -> 8 | AM14: =+'Sites Audit Plan '!$F$13*'Sites Audit Plan '!$G$13 -> 8 | AN14: =+'Sites Audit Plan '!$F$13*'Sites Audit Plan '!$G$13 -> 8 | AP14: =+'Sites Audit Plan '!$F$13*'Sites Audit Plan '!$G$13 -> 8 | AQ14: =+'Sites Audit Plan '!$F$13*'Sites Audit Plan '!$G$13 -> 8 | AR14: 6
A15: Weekly Target | D15: =SUBTOTAL(9,D5:D14) -> 198 | E15: =SUBTOTAL(9,E5:E14) -> 15 | G15: =SUBTOTAL(9,G5:G14) -> 19 | H15: =SUBTOTAL(9,H5:H14) -> 23 | I15: =SUBTOTAL(9,I5:I14) -> 27 | J15: =SUBTOTAL(9,J5:J14) -> 33 | K15: =SUBTOTAL(9,K5:K14) -> 33 | L15: =SUBTOTAL(9,L5:L14) -> 33 | N15: =SUBTOTAL(9,N5:N14) -> 33 | O15: =SUBTOTAL(9,O5:O14) -> 33 | P15: =SUBTOTAL(9,P5:P14) -> 33 | Q15: =SUBTOTAL(9,Q5:Q14) -> 33 | R15: =SUBTOTAL(9,R5:R14) -> 33 | S15: =SUBTOTAL(9,S5:S14) -> 33 | U15: =SUBTOTAL(9,U5:U14) -> 33 | V15: =SUBTOTAL(9,V5:V14) -> 33 | W15: =SUBTOTAL(9,W5:W14) -> 33 | X15: =SUBTOTAL(9,X5:X14) -> 33 | Y15: =SUBTOTAL(9,Y5:Y14) -> 33 | Z15: =SUBTOTAL(9,Z5:Z14) -> 33 | AB15: =SUBTOTAL(9,AB5:AB14) -> 33 | AC15: =SUBTOTAL(9,AC5:AC14) -> 33 | AD15: =SUBTOTAL(9,AD5:AD14) -> 33 | AE15: =SUBTOTAL(9,AE5:AE14) -> 33 | AF15: =SUBTOTAL(9,AF5:AF14) -> 33 | AG15: =SUBTOTAL(9,AG5:AG14) -> 33 | AI15: =SUBTOTAL(9,AI5:AI14) -> 33 | AJ15: =SUBTOTAL(9,AJ5:AJ14) -> 33 | AK15: =SUBTOTAL(9,AK5:AK14) -> 33 | AL15: =SUBTOTAL(9,AL5:AL14) -> 33 | AM15: =SUBTOTAL(9,AM5:AM14) -> 33 | AN15: =SUBTOTAL(9,AN5:AN14) -> 33 | AP15: =SUBTOTAL(9,AP5:AP14) -> 31 | AQ15: =SUBTOTAL(9,AQ5:AQ14) -> 29 | AR15: =SUBTOTAL(9,AR5:AR14) -> 29 | AS15: =SUBTOTAL(9,AS5:AS14) -> 21 | AT15: =SUBTOTAL(9,AT5:AT14) -> 14 | AU15: =SUBTOTAL(9,AU5:AU14) -> 9 | AV15: =SUBTOTAL(9,AV5:AV14) -> 4 | AW15: =SUBTOTAL(9,AW5:AW14) -> 0 | ... AZ15: =SUBTOTAL(9,AZ5:AZ14) -> 0
A16: Achieved
A17: GAP
A19: Legend : | C19: Free day
C20: Travelling time
C21: Delivery period
C22: ROM1 (IVAN)
C23: ROM2 (ROSTAND)

Sheet Sites Audit Plan Region 1
F1: =+SUBTOTAL(3,F3:F2443) -> 1225 | G1: =+SUBTOTAL(3,G3:G2443) -> 1225 | L1: =+SUBTOTAL(3,L3:L2443) -> 1225 | P1: PIP/Region 1
A2: No | B2: Operator Site ID | C2: IHS ID | D2: Operator Site ID | E2: State | F2: Site Name | G2: Access Status | H2: Site Configuration | I2: Clusters | J2: Division | K2: Sub-Division | L2: Town | M2: Latitude | N2: Longitude | O2: Site Type | P2: SBC Name | Q2: Weeks | R2: Dates
A3: 322 | B3: OST_092 | C3: IHS_NGD_096 | D3: OST_092 | E3: Adamawa | F3: Taram-FH | G3: Normal Access | H3: Indoor | I3: Tibati | J3: TIBATI | K3: BANYO | L3: Banyo | M3: 6.706611 | N3: 11.779889 | O3: Greenfield
A4: 326 | B4: CTR_303 | C4: IHS_YND_477 | D4: CTR_303 | E4: Adamawa | F4: Mbam | G4: Normal Access | H4: Outdoor | I4: Tibati | J4: TIBATI | K4: YOKO | L4: Banyo | M4: 5.99235 | N4: 12.391995 | O4: Greenfield
A5: 327 | B5: T1821 | C5: IHS_NGD_102 | D5: T1821 | E5: Adamawa | F5: Mayo Baleo Ville | G5: Normal Access | H5: Outdoor | I5: Tibati | J5: TIBATI | K5: MAYO BALEO | L5: Banyo | M5: 7.657583 | N5: 12.334389 | O5: Greenfield
A6: 328 | B6: CTR_301 | C6: IHS_YND_460 | D6: CTR_301 | E6: Center | F6: Matsari | G6: Normal Access | H6: Outdoor | I6: N'TUI | J6: MBAM ET KIM | K6: YOKO | L6: Banyo | M6: 5.37011 | N6: 12.271541 | O6: Greenfield
A7: 329 | B7: CTR_302 | C7: IHS_YND_476 | D7: CTR_302 | E7: Adamawa | F7: Doume-Centre | G7: Normal Access | H7: Outdoor | I7: Tibati | J7: TIBATI | K7: YOKO | L7: Banyo | M7: 5.89461 | N7: 12.28128 | O7: Greenfield
A8: 330 | B8: ADM_128 | C8: IHS_NGD_228 | D8: ADM_128 | E8: Adamawa | F8: Dogba-Ngd | G8: Normal Access | H8: Outdoor | I8: Tibati | J8: TIBATI | K8: MAYO BALEO | L8: Banyo | M8: 7.646936 | N8: 12.389979 | O8: Greenfield
A9: 331 | B9: T0812 | C9: IHS_NGD_092 | D9: T0812 | E9: Adamawa | F9: Darasalam | G9: Normal Access | H9: Outdoor | I9: Tibati | J9: TIBATI | K9: BANYO | L9: Banyo | M9: 6.656193 | N9: 12.061108 | O9: Greenfield
A10: 334 | B10: T0379 | C10: IHS_YND_473 | D10: T0379 | E10: Center | F10: Yoko | G10: Normal Access | H10: Indoor | I10: N'TUI | J10: MBAM ET KIM | K10: YOKO | L10: Banyo | M10: 5.539178 | N10: 12.317745 | O10: Greenfield
A11: 335 | B11: T0723 | C11: IHS_NGD_091 | D11: T0723 | E11: Adamawa | F11: Mbakaou | G11: Normal Access | H11: Outdoor | I11: Tibati | J11: TIBATI | K11: TIBATI | L11: Banyo | M11: 6.31108 | N11: 12.7965 | O11: Greenfield
A12: 338 | B12: CTR_335 | C12: IHS_YND_474 | D12: CTR_335 | E12: Center | F12: Yoko | G12: Normal Access | H12: Outdoor | I12: N'TUI | J12: MBAM ET KIM | K12: YOKO | L12: Banyo | M12: 5.539167 | N12: 12.317806 | O12: Greenfield
A13: 339 | B13: T0431 | C13: IHS_NGD_094 | D13: T0431 | E13: Adamawa | F13: Banyo Town | G13: Normal Access | H13: Indoor | I13: Tibati | J13: TIBATI | K13: BANYO | L13: Banyo | M13: 6.74914 | N13: 11.80564 | O13: Rooftop
A14: 340 | B14: T0324 | C14: IHS_NGD_095 | D14: T0324 | E14: Adamawa | F14: Banyo | G14: Normal Access | H14: Indoor | I14: Tibati | J14: TIBATI | K14: BANYO | L14: Banyo | M14: 6.708 | N14: 11.779 | O14: Greenfield
... A38: 372 | B38: T1895 | C38: IHS_NGD_106 | D38: T1895 | E38: Adamawa | F38: Tibati 3 | G38: Normal Access | H38: Outdoor | I38: Tibati | J38: TIBATI | K38: TIBATI | L38: Banyo | M38: 6.471961 | N38: 12.623745 | O38: Greenfield
A39: 373 | B39: T2058 | C39: IHS_NGD_107 | D39: T2058 | E39: Adamawa | F39: Galim Tignere 2 | G39: Normal Access | H39: Outdoor | J39: FARO ET DEO | K39: GALIM TIGNERE | L39: Banyo | M39: 7.097953 | N39: 12.473915 | O39: Greenfield
A40: 374 | B40: EST_116 | C40: IHS_BER_160 | D40: EST_116 | E40: East | F40: Tongo Ngandinma | G40: Normal Access | H40: Outdoor | I40: Garoua Boulai | J40: LOM-ET-DJEREM | K40: Goura | L40: Bertoua | M40: 5.184827 | N40: 14.000816 | O40: Greenfield
A41: 375 | B41: T1808 | C41: IHS_BER_105 | D41: T1808 | E41: East | F41: SFID NDENG | G41: Normal Access | H41: Outdoor | I41: Yokadouma | J41: Yokadouma (Mboumba et Ngoko) | K41: Sfdi deng | L41: Bertoua | M41: 3.78637 | N41: 14.993912 | O41: Greenfield
A42: 376 | B42: T2143 | C42: IHS_BER_106 | D42: T2143 | E42: East | F42: SALAPOUMBE VILLE | G42: Normal Access | H42: Outdoor | I42: Yokadouma | J42: Yokadouma (Mboumba et Ngoko) | K42: Salapoumbe | L42: Bertoua | M42: 2.636417 | N42: 15.368528 | O42: Greenfield
A43: 377 | B43: EST_114 | C43: IHS_BER_159 | D43: EST_114 | E43: East | F43: Ouli | G43: Normal Access | H43: Outdoor | I43: Batouri | J43: Batouri (Kadey) | K43: Kette | L43: Bertoua | M43: 5.19977 | N43: 14.555227 | O43: Greenfield
A44: 378 | B44: T0591 | C44: IHS_YND_458 | D44: T0591 | E44: East | F44: Minta | G44: Normal Access | H44: Outdoor | I44: Nanga Eboko | J44: HAUTE-SANAGA | K44: Minta | L44: Bertoua | M44: 4.565895 | N44: 12.831797 | O44: Greenfield
A45: 379 | B45: T2133 | C45: IHS_BER_104 | D45: T2133 | E45: East | F45: MINDOUROU GRUMCAM | G45: Normal Access | H45: Outdoor | I45: Batouri | J45: Batouri (Kadey) | K45: Mindourou Grumcam | L45: Bertoua | M45: 4.102 | N45: 14.574639 | O45: Greenfield
A46: 380 | B46: T0916 | C46: IHS_SGM_024 | D46: T0916 | E46: South | F46: Meveme | G46: Normal Access | H46: Outdoor | I46: Djoum | J46: DJA-ET-LOBO | K46: COMMUNE DE MINTOM | L46: Bertoua | M46: 2.68931 | N46: 13.18544 | O46: Greenfield
A47: 381 | B47: EST_074 | C47: IHS_BER_050 | D47: EST_074 | E47: East | F47: Mazabe | G47: Normal Access | H47: Outdoor | I47: Abong Mbang | J47: HAUT-NYONG | K47: ABONGMBANG | L47: Bertoua | M47: 4.010291 | N47: 13.004276 | O47: Greenfield
A48: 382 | B48: EST_072 | C48: IHS_BER_015 | D48: EST_072 | E48: East | F48: Longtimbi | G48: Normal Access | H48: Outdoor | I48: Bertoua | J48: LOM-ET-DJEREM | K48: Bertoua 1 | L48: Bertoua | M48: 4.47275 | N48: 13.620556 | O48: Greenfield
A49: 383 | B49: EST_071 | C49: IHS_BER_023 | D49: EST_071 | E49: East | F49: Kouen | G49: Normal Access | H49: Outdoor | I49: Abong Mbang | J49: HAUT-NYONG | K49: DIMAKO | L49: Bertoua | M49: 4.312472 | N49: 13.507417 | O49: Greenfield
A50: 384 | B50: T1222 | C50: IHS_BER_014 | D50: T1222 | E50: East | F50: KOUBA | G50: Normal Access | H50: Outdoor | I50: Bertoua | J50: LOM-ET-DJEREM | K50: Mandjou | L50: Bertoua | M50: 4.636162 | N50: 13.778363 | O50: Greenfield
A51: 385 | B51: EST_115 | C51: IHS_BER_152 | D51: EST_115 | E51: East | F51: Kika | G51: Normal Access | H51: Outdoor | I51: Yokadouma | J51: Yokadouma (Mboumba et Ngoko) | K51: Moloundou | L51: Bertoua | M51: 2.2779 | N51: 15.34802 | O51: Greenfield
... A331: 1328 | B331: T0138 | C331: IHS_EBO_021 | D331: T0138 | E331: South | F331: Ambam | G331: Normal Access | H331: Indoor | I331: AMBAM | J331: NTEM | K331: AMBAM | L331: Kribi & Edea | M331: 2.386327 | N331: 11.264132 | O331: Greenfield
A332: 1333 | B332: T2080 | C332: IHS_KRI_030 | D332: T2080 | E332: SOUTH | F332: KRIBI CHEFFERIE MAOVE | G332: Normal Access | H332: Outdoor | J332: OCEAN | K332: KRIBI II | L332: Kribi & Edea | M332: 2.962823 | N332: 9.92119 | O332: Greenfield
A333: 1479 | B333: EXN_127 | C333: IHS_MAR_307 | D333: EXN_127 | E333: Far North | F333: Wina | G333: Normal Access | H333: Outdoor | I333: Yagoua | J333: Mayo-DANAY | K333: Wina | L333: Maroua | M333: 10.068 | N333: 15.2184 | O333: Greenfield
A334: 1480 | B334: T2148 | C334: IHS_MAR_216 | D334: T2148 | E334: Far North | F334: TOULOUM | G334: Normal Access | H334: Outdoor | I334: Yagoua | J334: Mayo-kani | K334: Touloum | L334: Maroua | M334: 10.18041 | N334: 14.83565 | O334: Greenfield
A335: 1481 | B335: T2013 | C335: IHS_MAR_209 | D335: T2013 | E335: Far North | F335: ROUA | G335: Normal Access | H335: Outdoor | I335: Yagoua | J335: Mayo-Tsanaga | K335: Soulédé-Roua | L335: Maroua | M335: 10.75975 | N335: 13.967944 | O335: Greenfield
A336: 1482 | B336: EXN_073 | C336: IHS_MAR_049 | D336: EXN_073 | E336: Far North | F336: Ndoukoula | G336: Normal Access | H336: Outdoor | I336: Yagoua | J336: Mayo-Tsanaga | K336: Ndoukoula | L336: Maroua | M336: 10.278333 | N336: 14.036917 | O336: Greenfield
A337: 1483 | B337: EXN_136 | C337: IHS_MAR_351 | D337: EXN_136 | E337: North | F337: Mousgoy | G337: Normal Access | H337: Outdoor | I337: Garoua 2 | J337: MAYO- LOUTI | K337: Guider | L337: Maroua | M337: 10.89456 | N337: 13.89456 | O337: Greenfield
A338: 1484 | B338: EXN_175 | C338: IHS_MAR_368 | D338: EXN_175 | E338: Far North | F338: Moude | G338: Normal Access | H338: Outdoor | I338: Yagoua | J338: Mayo-Tsanaga | K338: Mogode | L338: Maroua | M338: 10.42773 | N338: 13.56652 | O338: Greenfield
A339: 1485 | B339: EXN_186 | C339: IHS_MAR_342 | D339: EXN_186 | E339: Far North | F339: Mouda | G339: Normal Access | H339: Outdoor | I339: Yagoua | J339: Mayo-kani | K339: Moutourwa | L339: Maroua | M339: 10.358115 | N339: 14.232395 | O339: Greenfield
A340: 1486 | B340: T1403 | C340: IHS_MAR_044 | D340: T1403 | E340: Far North | F340: Mokong | G340: Normal Access | H340: Outdoor | I340: Yagoua | J340: Mayo-kani | K340: Mokolo | L340: Maroua | M340: 10.595139 | N340: 13.994444 | O340: Greenfield
A341: 1487 | B341: T0880 | C341: IHS_MAR_032 | D341: T0880 | E341: Far North | F341: Meskin | G341: Normal Access | H341: Outdoor | I341: Maroua | J341: Diamare | K341: Maroua1 | L341: Maroua | M341: 10.564 | N341: 14.271 | O341: Greenfield
A342: 1488 | B342: EXN_169 | C342: IHS_MAR_341 | D342: EXN_169 | E342: Far North | F342: MEME II | G342: Normal Access | H342: Outdoor | I342: Maroua | J342: Mayo-Sava | K342: Mora | L342: Maroua | M342: 10.970418 | N342: 14.232792 | O342: Greenfield
A343: 1489 | B343: EXN_162 | C343: IHS_MAR_361 | D343: EXN_162 | E343: Far North | F343: Mayo Kaba | G343: Normal Access | H343: Outdoor | I343: Yagoua | J343: Mayo-Tsanaga | K343: Hina | L343: Maroua | M343: 10.283971 | N343: 13.867555 | O343: Greenfield
A344: 1490 | B344: EXN_066 | C344: IHS_MAR_011 | D344: EXN_066 | E344: Far North | F344: Maroua-Stade | G344: Normal Access | H344: Outdoor | I344: Maroua | J344: Diamare | K344: Maroua1 | L344: Maroua | M344: 10.589972 | N344: 14.324583 | O344: Greenfield
... A1218: 2432 | B1218: T1367 | C1218: IHS_YND_805 | D1218: T1367 | E1218: Center | F1218: Behind P T school Yde | G1218: Normal Access | H1218: Outdoor | I1218: MENDONG 2 | J1218: MFOUNDI | K1218: Yaounde 3 | L1218: Yaounde | M1218: 3.850401 | N1218: 11.500122 | O1218: Rooftop
A1219: 2433 | B1219: T1371 | C1219: IHS_YND_806 | D1219: T1371 | E1219: Center | F1219: Montée Ekounou | G1219: Normal Access | H1219: Outdoor | I1219: NKOMO | L1219: Yaounde | M1219: 3.846942 | N1219: 11.539789 | O1219: Rooftop
A1220: 2434 | B1220: T1377 | C1220: IHS_YND_807 | D1220: T1377 | E1220: Center | F1220: Ahala Echangeur | G1220: Normal Access | H1220: Outdoor | I1220: TROPICANA 2 | J1220: MFOUNDI | K1220: YAOUNDE 3 | L1220: Yaounde | M1220: 3.80852 | N1220: 11.50954 | O1220: Rooftop
A1221: 2435 | B1221: T1407 | C1221: IHS_EBO_030 | D1221: T1407 | E1221: South | F1221: Ebolowa university | G1221: Normal Access | H1221: Outdoor | I1221: Ebolowa | J1221: MVILLA | K1221: EBOLOWA 2 | L1221: Yaounde | M1221: 2.868057 | N1221: 11.182646 | O1221: Greenfield
A1222: 2436 | B1222: T1491 | C1222: IHS_YND_808 | D1222: T1491 | E1222: Center | F1222: Mbankolo petit paris | G1222: Normal Access | H1222: Outdoor | I1222: Tsinga | J1222: MFOUNDI | K1222: YAOUNDE 2 | L1222: Yaounde | M1222: 3.899059 | N1222: 11.48371 | O1222: Rooftop
A1223: 2437 | B1223: T5040 | C1223: IHS_YND_810 | D1223: T5040 | E1223: Center | F1223: Carrefour Ayissi Ele | G1223: Normal Access | H1223: Outdoor | I1223: N'TUI | J1223: LEKIE | K1223: SAA | L1223: Yaounde | M1223: 4.44782 | N1223: 11.44854 | O1223: Greenfield
A1224: 2438 | B1224: T5041 | C1224: IHS_YND_809 | D1224: T5041 | E1224: Center | F1224: Nkol-Mebanga | G1224: Normal Access | H1224: Outdoor | I1224: N'TUI | J1224: LEKIE | K1224: SAA | L1224: Yaounde | M1224: 4.396314 | N1224: 11.41316 | O1224: Greenfield
A1225: 2439 | B1225: T2637 | C1225: IHS_SGM_125 | D1225: T2637 | E1225: South | F1225: ODING | G1225: Normal Access | H1225: Outdoor | I1225: Djoum | J1225: Dja et Lobo | K1225: COMMUNE DE DJOUM | L1225: Yaounde | M1225: 2.762384 | N1225: 12.474361 | O1225: Greenfield
A1226: 2440 | B1226: T4303 | C1226: IHS_YND_811 | D1226: T4303 | E1226: Center | F1226: NKENGUE | G1226: Normal Access | H1226: Outdoor | I1226: Obala | J1226: LEKIE | K1226: ELIG-MFOMO | L1226: Yaounde | M1226: 4.146179 | N1226: 11.298839 | O1226: Greenfield
A1227: 2441 | B1227: T2434 | C1227: IHS_YND_812 | D1227: T2434 | E1227: Center | F1227: Ntui Prison | G1227: Normal Access | H1227: Outdoor | I1227: N'TUI | J1227: MBAM ET KIM | K1227: NTUI | L1227: Yaounde | M1227: 4.463061 | N1227: 11.61273 | O1227: Greenfield

Sheet Sites Audit Plan Region 2
F1: =+SUBTOTAL(3,F3:F2443) -> 1216 | G1: =+SUBTOTAL(3,G3:G2443) -> 1216 | L1: =+SUBTOTAL(3,L3:L2443) -> 1216 | P1: PIP/Region 2
A2: No | B2: Operator Site ID | C2: IHS ID | D2: Operator Site ID | E2: State | F2: Site Name | G2: Access Status | H2: Site Configuration | I2: Clusters | J2: Division | K2: Sub-Division | L2: Town | M2: Latitude | N2: Longitude | O2: Site Type | P2: SBC Name | Q2: Weeks | R2: Dates
A3: 1 | B3: T2781 | C3: IHS_BAF_105 | D3: T2781 | E3: West | F3: PENKA MICHEL | G3: Normal Access | H3: Outdoor | I3: Bafoussam1 | J3: MENOUA | K3: PENKA MICHEL | L3: Bafoussam | M3: 5.46817 | N3: 10.2413 | O3: Greenfield
A4: 2 | B4: CTR_297 | C4: IHS_YND_463 | D4: CTR_297 | E4: West | F4: Nomale | G4: Normal Access | H4: Outdoor | I4: Bafia | J4: Mbam et inoubou | K4: Ndikinimeki | L4: Bafoussam | M4: 4.7715 | N4: 10.90632 | O4: Greenfield
A5: 3 | B5: OST_219 | C5: IHS_FBN_055 | D5: OST_219 | E5: West | F5: Ngbetnsouen | G5: Normal Access | H5: Outdoor | I5: Foumbot | J5: Noun | K5: Kouoptamo | L5: Bafoussam | M5: 5.63442 | N5: 10.53025 | O5: Greenfield
A6: 4 | B6: CTR_054 | C6: IHS_YND_445 | D6: CTR_054 | E6: West | F6: Ndoussan | G6: Normal Access | H6: Indoor | I6: Bafia | J6: Mbam et inoubou | K6: Kon-yambetta | L6: Bafoussam | M6: 4.822962 | N6: 11.175922 | O6: Greenfield
A7: 5 | B7: OST_207 | C7: IHS_FBN_046 | D7: OST_207 | E7: West | F7: Ndoumken | G7: Normal Access | H7: Outdoor | I7: Foumbot | J7: Noun | K7: Kouoptamo | L7: Bafoussam | M7: 5.65799 | N7: 10.56229 | O7: Greenfield
A8: 6 | B8: OST_201 | C8: IHS_FBN_053 | D8: OST_201 | E8: West | F8: Mantoum Ville | G8: Normal Access | H8: Outdoor | I8: Foumban | J8: Noun | K8: Malantouen | L8: Bafoussam | M8: 5.656112 | N8: 11.172957 | O8: Greenfield
A9: 7 | B9: T1640 | C9: IHS_FBN_028 | D9: T1640 | E9: West | F9: Koupa Matapit | G9: Normal Access | H9: Outdoor | I9: Foumbot | J9: Noun | K9: Foumban | L9: Bafoussam | M9: 5.772444 | N9: 10.791806 | O9: Greenfield
A10: 8 | B10: T2028 | C10: IHS_MBD_014 | D10: T2028 | E10: West | F10: GALIM EEC | G10: Red Zone | H10: Outdoor | I10: Bafoussam1 | J10: BAMBOUTOUS | K10: Galim | L10: Bafoussam | M10: 5.682028 | N10: 10.366139 | O10: Greenfield
A11: 9 | B11: OST_178 | C11: IHS_FBN_030 | D11: OST_178 | E11: West | F11: Founban Njintout II | G11: Normal Access | H11: Outdoor | I11: Foumban | J11: Noun | K11: Foumban | L11: Bafoussam | M11: 5.73795 | N11: 10.88407 | O11: Greenfield
A12: 10 | B12: OST_136 | C12: IHS_FBN_101 | D12: OST_136 | E12: West | F12: Foumbot-Mangoum | G12: Normal Access | H12: Outdoor | I12: Foumbot | J12: Noun | K12: Foumbot | L12: Bafoussam | M12: 5.487811 | N12: 10.603086 | O12: Greenfield
A13: 11 | B13: OST_215 | C13: IHS_MBD_019 | D13: OST_215 | E13: West | F13: Bati | G13: Red Zone | H13: Outdoor | I13: Bafoussam1 | J13: BAMBOUTOUS | K13: Galim | L13: Bafoussam | M13: 5.667797 | N13: 10.447418 | O13: Greenfield
A14: 12 | B14: T1478 | C14: IHS_BAF_063 | D14: T1478 | E14: West | F14: BANTOUM Lycee | G14: Normal Access | H14: Outdoor | I14: Bangangte | J14: Nde | K14: Bangangte | L14: Bafoussam | M14: 5.093755 | N14: 10.663701 | O14: Greenfield
... A353: 509 | B353: T1581 | C353: IHS_BUA_160 | D353: T1581 | E353: South West | F353: Bai Kuke | G353: Red Zone | H353: Outdoor | I353: Ekondo Titi | J353: FAKO | K353: Mbonge | L353: Buea | M353: 4.456883 | N353: 9.143987 | O353: Greenfield
A354: 510 | B354: T1781-1 | C354: IHS_BUA_034 | D354: T1781-1 | E354: South West | F354: Ekona II | G354: Red Zone - No Access | H354: Outdoor | I354: Buea | K354: Ekona | L354: Buea | M354: 4.229944 | N354: 9.330528 | O354: Rooftop
A355: 511 | B355: T1725 | C355: IHS_BUA_131 | D355: T1725 | E355: South West | F355: MILE16 BOLIFAMBA | G355: Red Zone | H355: Outdoor | I355: Buea | J355: FAKO | K355: BUEA | L355: Buea | M355: 4.139806 | N355: 9.311917 | O355: Greenfield
A356: 512 | B356: T1310 | C356: IHS_BUA_164 | D356: T1310 | E356: South West | F356: Malende | G356: Red Zone | H356: Outdoor | I356: Buea | J356: FAKO | K356: Muyuka | L356: Buea | M356: 4.343306 | N356: 9.430944 | O356: Greenfield
A357: 513 | B357: T0300 | C357: IHS_BUA_017 | D357: T0300 | E357: South West | F357: Bomaka Mile 17 | G357: Red Zone | H357: Indoor | I357: Buea | J357: FAKO | K357: Buea | L357: Buea | M357: 4.151835 | N357: 9.299842 | O357: Greenfield
A358: 514 | B358: T0419 | C358: IHS_BUA_001 | D358: T0419 | E358: South West | F358: Buea University | G358: Red Zone | H358: Indoor | I358: Buea | J358: FAKO | K358: Buea | L358: Buea | M358: 4.158132 | N358: 9.270084 | O358: Rooftop
A359: 515 | B359: T0559 | C359: IHS_BUA_033 | D359: T0559 | E359: South West | F359: Ekona | G359: Red Zone | H359: Outdoor | I359: Buea | J359: FAKO | K359: Ekona | L359: Buea | M359: 4.22679 | N359: 9.33914 | O359: Greenfield
A360: 516 | B360: T0671 | C360: IHS_BUA_028 | D360: T0671 | E360: South West | F360: Mile 14 | G360: Red Zone | H360: Outdoor | I360: Buea | J360: FAKO | K360: Buea | L360: Buea | M360: 4.123209 | N360: 9.309349 | O360: Greenfield
A361: 517 | B361: SUO_004 | C361: IHS_BUA_037 | D361: SUO_004 | E361: South West | F361: Tiko | G361: Red Zone | H361: Indoor | I361: Mutenguene | J361: FAKO | K361: TIKO | L361: Buea | M361: 4.075187 | N361: 9.367831 | O361: Greenfield
A362: 518 | B362: T0438 | C362: IHS_BUA_015 | D362: T0438 | E362: South West | F362: Bokwango | G362: Red Zone | H362: Outdoor | I362: Buea | J362: FAKO | K362: Buea | L362: Buea | M362: 4.137215 | N362: 9.229888 | O362: Greenfield
A363: 519 | B363: T0069 | C363: IHS_BUA_006 | D363: T0069 | E363: South West | F363: Great Soppo | G363: Red Zone | H363: Indoor | I363: Buea | J363: FAKO | K363: Buea | L363: Buea | M363: 4.157996 | N363: 9.254179 | O363: Greenfield
A364: 520 | B364: SUO_007 | C364: IHS_BUA_002 | D364: SUO_007 | E364: South West | F364: Buea-Orange | G364: Red Zone | H364: Indoor | I364: Buea | J364: FAKO | K364: Buea | L364: Buea | M364: 4.159561 | N364: 9.269411 | O364: Greenfield
A365: 521 | B365: SUO_077 | C365: IHS_BUA_021 | D365: SUO_077 | E365: South West | F365: Buea-David-Square | G365: Red Zone | H365: Outdoor | I365: Buea | J365: FAKO | K365: Buea | L365: Buea | M365: 4.167639 | N365: 9.301833 | O365: Rooftop
A366: 522 | B366: SUO_062 | C366: IHS_BUA_005 | D366: SUO_062 | E366: South West | F366: Buea-Universite | G366: Red Zone | H366: Outdoor | I366: Buea | J366: FAKO | K366: Buea | L366: Buea | M366: 4.155167 | N366: 9.287583 | O366: Greenfield
... A421: 577 | B421: T1962 | C421: IHS_BUA_186 | D421: T1962 | E421: South West | F421: BUEA CATHEDRAL | G421: Normal Access | H421: Outdoor | I421: Buea | J421: Fako | K421: Buea | L421: Buea | M421: 4.168209 | N421: 9.278482 | O421: Greenfield
A422: 578 | B422: T2556 | C422: IHS_LMB_030 | D422: T2556 | E422: South West | F422: Tiko Holfoth Layout | G422: Normal Access | H422: Outdoor | I422: Mutenguene | J422: #REF! | K422: Tiko | L422: Buea | M422: 4.068053 | N422: 9.358847 | O422: Greenfield
A423: 579 | B423: T2793 | C423: IHS_LMB_031 | D423: T2793 | E423: South West | F423: BITINGUI | G423: Normal Access | H423: Outdoor | I423: Buea | J423: Fako | K423: Buea | L423: Buea | M423: 4.17763 | N423: 9.280194 | O423: Greenfield
A424: 580 | B424: T1707 | C424: IHS_DLA_417 | D424: T1707 | E424: Littoral | F424: Yansoki | G424: Normal Access | H424: Outdoor | I424: Yassa | J424: WOURI | K424: Douala 3 | L424: Douala | M424: 3.976665 | N424: 9.791805 | O424: Greenfield
A425: 581 | B425: T2025 | C425: IHS_MBG_026 | D425: T2025 | E425: South West | F425: NDOULOU(Abo SOUTH / Mukulang) | G425: Normal Access | H425: Outdoor | I425: Mbanga | J425: MOUNGO | K425: bonalea | L425: Douala | M425: 4.293838 | N425: 9.669737 | O425: Greenfield
A426: 582 | B426: LIT_227 | C426: IHS_DLA_296 | D426: LIT_227 | E426: Littoral | F426: Missole | G426: Normal Access | H426: Outdoor | I426: Edea | J426: SANAGA-MARITIME | K426: Dibamba | L426: Douala | M426: 3.971635 | N426: 9.926792 | O426: Greenfield
A427: 583 | B427: T1339 | C427: IHS_DLA_473 | D427: T1339 | E427: Littoral | F427: MBANGA PONGO 2 | G427: Normal Access | H427: Outdoor | I427: Yassa | J427: WOURI | K427: Douala 3 | L427: Douala | M427: 3.969831 | N427: 9.745081 | O427: Greenfield
A428: 584 | B428: LIT_167 | C428: IHS_DLA_411 | D428: LIT_167 | E428: Littoral | F428: Makepe-Ecole-Sira | G428: Normal Access | H428: Outdoor | I428: Beedi | J428: WOURI | K428: Douala 5 | L428: Douala | M428: 4.082639 | N428: 9.748556 | O428: Rooftop
A429: 585 | B429: LIT_397 | C429: IHS_DLA_222 | D429: LIT_397 | E429: Littoral | F429: Makepe-Chefferie | G429: Normal Access | H429: Outdoor | I429: Beedi | J429: WOURI | K429: Douala 5 | L429: Douala | M429: 4.0749 | N429: 9.753269 | O429: Rooftop
A430: 586 | B430: T1359 | C430: IHS_DLA_468 | D430: T1359 | E430: Littoral | F430: MABANDA 3 | G430: Normal Access | H430: Outdoor | I430: Bonaberi 1 | J430: WOURI | K430: Douala 4 | L430: Douala | M430: 4.062028 | N430: 9.661083 | O430: Greenfield
A431: 587 | B431: T1173 | C431: IHS_BUA_166 | D431: T1173 | E431: South West | F431: BONAKOH | G431: Red Zone | H431: Outdoor | I431: Mutenguene | J431: FAKO | K431: TIKO | L431: Douala | M431: 4.145153 | N431: 9.506547 | O431: Greenfield
A432: 588 | B432: T1732 | C432: IHS_DLA_423 | D432: T1732 | E432: Littoral | F432: Bonaberi Isenbeck | G432: Normal Access | H432: Outdoor | I432: Bonaberi 2 | J432: WOURI | K432: Douala 4 | L432: Douala | M432: 4.109487 | N432: 9.617314 | O432: Greenfield
A433: 589 | B433: LIT_450 | C433: IHS_DLA_452 | D433: LIT_450 | E433: Littoral | F433: Quartier Gentil | G433: Normal Access | H433: Outdoor | I433: Ndogbong | J433: WOURI | K433: Douala 3 | L433: Douala | M433: 4.04957 | N433: 9.72974 | O433: Rooftop
A434: 590 | B434: LIT_410 | C434: IHS_DLA_427 | D434: LIT_410 | E434: Littoral | F434: Bonapriso Vanitex New | G434: Normal Access | H434: Outdoor | I434: BONAPRISO | J434: WOURI | K434: Douala 1 | L434: Douala | M434: 4.024758 | N434: 9.70155 | O434: Rooftop
... A851: 1007 | B851: T1390 | C851: IHS_DLA_404 | D851: T1390 | E851: Littoral | F851: Bonaberi Magzi | G851: Normal Access | H851: Outdoor | I851: Bonaberi 1 | J851: WOURI | K851: Douala 4 | L851: Douala | M851: 4.0692609 | N851: 9.6779132 | O851: Greenfield
A852: 1008 | B852: T2410 | C852: IHS_BNB_117 | D852: T2410 | E852: South West | F852: BEKOKO ECHANGEUR | G852: Normal Access | H852: Outdoor | I852: Mbanga | K852: Douala | L852: Douala | M852: 4.123106 | N852: 9.586648 | O852: Greenfield
A853: 1009 | B853: T2661 | C853: IHS_DLA_543 | D853: T2661 | E853: LITTORAL | F853: JAPOMA VILLAGE | G853: Normal Access | H853: Outdoor | I853: Yassa | K853: Douala | L853: Douala | M853: 4.048703 | N853: 9.807891 | O853: Greenfield
A854: 1010 | B854: T1362 | C854: IHS_DLA_128 | D854: T1362 | E854: Littoral | F854: Nylon OCM new | G854: Normal Access | H854: Outdoor | I854: St Michel | J854: WOURI | K854: Douala 3 | L854: Douala | M854: 4.027806 | N854: 9.735612 | O854: Rooftop
A855: 1011 | B855: OST_029 | C855: IHS_KMB_075 | D855: OST_029 | E855: West | F855: Meguia | G855: Red Zone | H855: Indoor | I855: Dschang | J855: MENOUA | K855: DSCHANG | L855: Dschang & Kongsamba | M855: 5.45975 | N855: 9.9453056 | O855: Greenfield
A856: 1012 | B856: OST_156 | C856: IHS_BFG_016 | D856: OST_156 | E856: West | F856: FOYEMTCHA | G856: Normal Access | H856: Outdoor | I856: Bafang | J856: HAUT-NKAM | K856: Kekem | L856: Dschang & Kongsamba | M856: 5.208607 | N856: 10.07421 | O856: Greenfield
A857: 1013 | B857: T1530 | C857: IHS_BAF_103 | D857: T1530 | E857: West | F857: FOTOUNI | G857: Normal Access | H857: Outdoor | I857: Bafoussam 2 | J857: HAUT-NKAM | K857: BANDJA | L857: Dschang & Kongsamba | M857: 5.331 | N857: 10.235528 | O857: Greenfield
A858: 1014 | B858: T1309 | C858: IHS_KMB_120 | D858: T1309 | E858: West | F858: Fontem New1 | G858: Red Zone | H858: Outdoor | I858: Dschang | J858: LEBIALEM | K858: MENDJI | L858: Dschang & Kongsamba | M858: 5.4916972 | N858: 9.8496083 | O858: Greenfield
A859: 1015 | B859: T1474 | C859: IHS_DCG_022 | D859: T1474 | E859: West | F859: BASSESSA | G859: Normal Access | H859: Outdoor | I859: Dschang | J859: MENOUA | K859: NKONGNI | L859: Dschang & Kongsamba | M859: 5.512243 | N859: 10.11599 | O859: Greenfield
A860: 1016 | B860: T1753 | C860: IHS_KMB_079 | D860: T1753 | E860: North West | F860: Banteng | G860: Red Zone - No Access | H860: Outdoor | I860: Bamenda 2 | J860: Momo | K860: Wabane | L860: Dschang & Kongsamba | M860: 5.7041111 | N860: 9.9773333 | O860: Greenfield
A861: 1017 | B861: T1487 | C861: IHS_BFG_007 | D861: T1487 | E861: West | F861: Banka | G861: Normal Access | H861: Outdoor | I861: Bafang | J861: HAUT-NKAM | K861: Banka | L861: Dschang & Kongsamba | M861: 5.17417 | N861: 10.20629 | O861: Greenfield
A862: 1018 | B862: T1584 | C862: IHS_BFG_18 | D862: T1584 | E862: West | F862: BAMENGWI | G862: Normal Access | H862: Outdoor | I862: Bafang | J862: HAUT-NKAM | K862: Kekem | L862: Dschang & Kongsamba | M862: 5.236278 | N862: 10.082167 | O862: Greenfield
A863: 1019 | B863: T1511 | C863: IHS_BMD_094 | D863: T1511 | E863: West | F863: Balatchi | G863: Red Zone | H863: Outdoor | I863: Bafoussam1 | J863: BAMBOUTOUS | K863: BATCHAM | L863: Dschang & Kongsamba | M863: 5.628832 | N863: 10.200197 | O863: Greenfield
A864: 1020 | B864: OST_108 | C864: IHS_DCG_018 | D864: OST_108 | E864: West | F864: Bafou-Badzifeng | G864: Normal Access | H864: Outdoor | I864: Dschang | J864: MENOUA | K864: NKONGHNI | L864: Dschang & Kongsamba | M864: 5.461778 | N864: 10.098778 | O864: Greenfield
A865: 1021 | B865: OST_022 | C865: IHS_BAF_054 | D865: OST_022 | E865: West | F865: Bandja | G865: Normal Access | H865: Indoor | I865: Bafang | J865: HAUT-NKAM | K865: Bandja | L865: Dschang & Kongsamba | M865: 5.267986 | N865: 10.222806 | O865: Greenfield
... A1086: 1414 | B1086: T2051 | C1086: IHS_MBG_033 | D1086: T2051 | E1086: South West | F1086: MBANGA Q4 | G1086: Normal Access | H1086: Outdoor | I1086: Mbanga | J1086: MOUNGO | K1086: MBANGA | L1086: Kumba | M1086: 4.503255 | N1086: 9.56474 | O1086: Greenfield
A1087: 1415 | B1087: T2059 | C1087: IHS_MBG_034 | D1087: T2059 | E1087: South West | F1087: LOUM COUNCIL | G1087: Normal Access | H1087: Outdoor | I1087: Loum | K1087: Loum | L1087: Kumba | M1087: 4.71842 | N1087: 9.734988 | O1087: Greenfield
A1088: 1416 | B1088: T1839 | C1088: IHS_LMB_010 | D1088: T1839 | E1088: South West | F1088: Upper Mawo | G1088: Red Zone | H1088: Outdoor | I1088: Limbe | J1088: FAKO | K1088: LIMBE I | L1088: Limbe | M1088: 4.011563 | N1088: 9.224848 | O1088: Greenfield
A1089: 1417 | B1089: T1515 | C1089: IHS_BUA_168 | D1089: T1515 | E1089: South West | F1089: MILE 4 Q10 | G1089: Red Zone | H1089: Outdoor | I1089: Mutenguene | J1089: FAKO | K1089: LIMBE 1 | L1089: Limbe | M1089: 4.058408 | N1089: 9.227677 | O1089: Greenfield
A1090: 1418 | B1090: T1175 | C1090: IHS_LMB_114 | D1090: T1175 | E1090: South West | F1090: Limbe College Excellence | G1090: Red Zone | H1090: Outdoor | I1090: Limbe | J1090: FAKO | K1090: LIMBE 2 | L1090: Limbe | M1090: 4.034405 | N1090: 9.205152 | O1090: Greenfield
A1091: 1419 | B1091: SUO_131 | C1091: IHS_BUA_158 | D1091: SUO_131 | E1091: South West | F1091: Bondjongo | G1091: Red Zone | H1091: Outdoor | I1091: Limbe | J1091: FAKO | K1091: LIMBE 2 | L1091: Limbe | M1091: 4.064823 | N1091: 9.178445 | O1091: Greenfield
A1092: 1420 | B1092: T1715 | C1092: IHS_LMB_015 | D1092: T1715 | E1092: South West | F1092: BOBENDE NEW LAYOUT | G1092: Red Zone | H1092: Outdoor | I1092: Limbe | J1092: FAKO | K1092: LIMBE 2 | L1092: Limbe | M1092: 4.017545 | N1092: 9.14749 | O1092: Greenfield
A1093: 1421 | B1093: T1776 | C1093: IHS_LMB_014 | D1093: T1776 | E1093: South West | F1093: Bondjo Hill | G1093: Red Zone | H1093: Outdoor | I1093: Limbe | J1093: FAKO | K1093: LIMBE 1 | L1093: Limbe | M1093: 3.994752 | N1093: 9.217048 | O1093: Greenfield
A1094: 1422 | B1094: SUO_078 | C1094: IHS_LMB_016 | D1094: SUO_078 | E1094: South West | F1094: Limbe-Fini-Hotel | G1094: Red Zone | H1094: Outdoor | I1094: Limbe | J1094: FAKO | K1094: LIMBE 1 | L1094: Limbe | M1094: 4.016988 | N1094: 9.144346 | O1094: Greenfield
A1095: 1423 | B1095: SUO_065 | C1095: IHS_LMB_001 | D1095: SUO_065 | E1095: South West | F1095: Limbe-Federal-Qter | G1095: Red Zone | H1095: Outdoor | I1095: Limbe | J1095: FAKO | K1095: LIMBE I | L1095: Limbe | M1095: 4.017178 | N1095: 9.195985 | O1095: Greenfield
A1096: 1424 | B1096: T0223 | C1096: IHS_LMB_025 | D1096: T0223 | E1096: South West | F1096: Debunscha | G1096: Red Zone | H1096: Indoor | I1096: Limbe | J1096: FAKO | K1096: LIMBE 2 | L1096: Limbe | M1096: 4.102492 | N1096: 8.988631 | O1096: Greenfield
A1097: 1425 | B1097: T1838 | C1097: IHS_LMB_006 | D1097: T1838 | E1097: South West | F1097: Limbe Bota | G1097: Red Zone | H1097: Outdoor | I1097: Limbe | J1097: FAKO | K1097: LIMBE 1 | L1097: Limbe | M1097: 4.029255 | N1097: 9.194213 | O1097: Rooftop
A1098: 1426 | B1098: T1716 | C1098: IHS_LMB_002 | D1098: T1716 | E1098: South West | F1098: GRA LIMBE | G1098: Red Zone | H1098: Outdoor | I1098: Limbe | J1098: FAKO | K1098: LIMBE 1 | L1098: Limbe | M1098: 4.017124 | N1098: 9.190933 | O1098: Greenfield
A1099: 1427 | B1099: SUO_014 | C1099: IHS_LMB_007 | D1099: SUO_014 | E1099: South West | F1099: Down-Beach | G1099: Red Zone | H1099: Indoor | I1099: Limbe | J1099: FAKO | K1099: LIMBE 1 | L1099: Limbe | M1099: 4.007893 | N1099: 9.211423 | O1099: Rooftop
... A1126: 1454 | B1126: T1812 | C1126: IHS_KMB_066 | D1126: T1812 | E1126: North West | F1126: Bessenye | G1126: Red Zone | H1126: Outdoor | I1126: Mamfe | J1126: Manyu | K1126: Eyumodjock | L1126: Mamfe | M1126: 5.7008611 | N1126: 9.2851389 | O1126: Greenfield
A1127: 1455 | B1127: T1251 | C1127: IHS_KMB_110 | D1127: T1251 | E1127: North West | F1127: Berore | G1127: Red Zone - No Access | H1127: Outdoor | I1127: Mamfe | K1127: Mamfe | L1127: Mamfe | M1127: 5.7745 | N1127: 9.356 | O1127: Greenfield
A1128: 1456 | B1128: T2103 | C1128: IHS_KMB_106 | D1128: T2103 | E1128: North West | F1128: AKWAYA | G1128: Red Zone -Vandalized | H1128: Vandalized | I1128: Bafut | J1128: Manyu | K1128: akwaya | L1128: Mamfe | M1128: 6.3783889 | N1128: 9.5110583 | O1128: Greenfield
A1129: 1457 | B1129: T1763 | C1129: IHS_KMB_052 | D1129: T1763 | E1129: North West | F1129: Bakebe | G1129: Red Zone | H1129: Outdoor | I1129: Mamfe | J1129: Manyu | K1129: Tinto | L1129: Mamfe | M1129: 5.5574722 | N1129: 9.5617222 | O1129: Greenfield
A1130: 1458 | B1130: T0242 | C1130: IHS_KMB_077 | D1130: T0242 | E1130: North West | F1130: Eyumojock | G1130: Red Zone | H1130: Indoor | I1130: Mamfe | J1130: Manyu | K1130: Eyumodjock | L1130: Mamfe | M1130: 5.76608 | N1130: 8.9847 | O1130: Greenfield
A1131: 1459 | B1131: T1762 | C1131: IHS_KMB_063 | D1131: T1762 | E1131: North West | F1131: Mamfe Centre | G1131: Red Zone | H1131: Outdoor | I1131: Mamfe | J1131: Manyu | K1131: Mamfe | L1131: Mamfe | M1131: 5.7569444 | N1131: 9.3078611 | O1131: Greenfield
A1132: 1460 | B1132: T0685 | C1132: IHS_KMB_053 | D1132: T0685 | E1132: North West | F1132: Tinto | G1132: Red Zone | H1132: Outdoor | I1132: Mamfe | J1132: Manyu | K1132: Tinto | L1132: Mamfe | M1132: 5.54562 | N1132: 9.59059 | O1132: Greenfield
A1133: 1461 | B1133: T0348 | C1133: IHS_KMB_060 | D1133: T0348 | E1133: North West | F1133: Bachuo Ntai | G1133: Red Zone | H1133: Indoor | I1133: Mamfe | J1133: Manyu | K1133: Mamfe | L1133: Mamfe | M1133: 5.71469 | N1133: 9.39159 | O1133: Greenfield
A1134: 1462 | B1134: SUO_073 | C1134: IHS_KMB_062 | D1134: SUO_073 | E1134: North West | F1134: Mamfe-Brasserie | G1134: Red Zone | H1134: Outdoor | I1134: Mamfé | J1134: Manyu | K1134: Mamfe | L1134: Mamfe | M1134: 5.76325 | N1134: 9.3114167 | O1134: Greenfield
A1135: 1463 | B1135: SUO_015 | C1135: IHS_KMB_081 | D1135: SUO_015 | E1135: North West | F1135: Ekok | G1135: Red Zone | H1135: Indoor | I1135: Mamfe | J1135: Manyu | K1135: Eyumodjock | L1135: Mamfe | M1135: 5.8100222 | N1135: 8.8572639 | O1135: Greenfield
A1136: 1464 | B1136: SUO_030 | C1136: IHS_KMB_061 | D1136: SUO_030 | E1136: North West | F1136: Bachuo-Ntai | G1136: Red Zone | H1136: Indoor | I1136: Mamfe | J1136: Manyu | K1136: Mamfe | L1136: Mamfe | M1136: 5.7146111 | N1136: 9.39075 | O1136: Greenfield
A1137: 1465 | B1137: T0754 | C1137: IHS_KMB_073 | D1137: T0754 | E1137: North West | F1137: Kembong | G1137: Red Zone | H1137: Outdoor | I1137: Mamfe | J1137: Manyu | K1137: Eyumodjock | L1137: Mamfe | M1137: 5.62075 | N1137: 9.24971 | O1137: Greenfield
A1138: 1466 | B1138: T1766 | C1138: IHS_KMB_069 | D1138: T1766 | E1138: North West | F1138: Ossing | G1138: Red Zone | H1138: Outdoor | I1138: Mamfe | J1138: Manyu | K1138: Eyumodjock | L1138: Mamfe | M1138: 5.64025 | N1138: 9.3138889 | O1138: Greenfield
A1139: 1467 | B1139: T1025 | C1139: IHS_KMB_047 | D1139: T1025 | E1139: North West | F1139: Ofrikpabi | G1139: Red Zone | H1139: Outdoor | I1139: Kumba | J1139: Koupe-Manengouba | K1139: Nguti | L1139: Mamfe | M1139: 5.28045 | N1139: 9.41465 | O1139: Greenfield
... A1218: 2401 | B1218: T3226 | C1218: IHS_YND_766 | D1218: T3226 | E1218: West | F1218: Bafia Adm Quater | G1218: Normal Access | H1218: Outdoor | I1218: Bafia | J1218: Mbam-et-Inoubou | K1218: Bafia | L1218: Yaounde | M1218: 4.76556 | N1218: 11.22837 | O1218: Rooftop
